DATE,oro_xauusd_Close,usd_cop_Close,oro_cop,dxy_Close,vix_Close,wti_crudo_Close,bono_10y_Close,retorno_oro_cop
2021-01-04,182.3300018310547,3420.25,623614.1887626648,89.87999725341797,26.96999931335449,47.619998931884766,0.9169999957084656,
2021-01-05,182.8699951171875,3447.75,630490.0256652832,89.44000244140625,25.34000015258789,49.93000030517578,0.9549999833106996,0.011025786498317203
2021-01-06,179.89999389648438,3442.25,619260.7539901733,89.52999877929688,25.06999969482422,50.630001068115234,1.0420000553131104,-0.017810387504958447
2021-01-07,179.47999572753906,3412.800048828125,612529.338182617,89.83000183105469,22.3700008392334,50.83000183105469,1.0709999799728394,-0.010870083021058297
2021-01-08,173.33999633789062,3488.239990234375,604651.5071329102,90.0999984741211,21.559999465942383,52.2400016784668,1.1050000190734863,-0.01286114894199264
2021-01-11,173.0,3456.441650390625,597964.4055175781,90.54000091552734,24.07999992370605,52.25,1.131999969482422,-0.011059430988670571
2021-01-12,174.1199951171875,3499.25,609289.3929138184,90.05000305175781,23.32999992370605,53.209999084472656,1.1380000114440918,0.018939233325163674
2021-01-13,173.3699951171875,3475.25,602504.0755310059,90.31999969482422,22.209999084472656,52.90999984741211,1.0880000591278076,-0.011136444293512016
2021-01-14,173.27999877929688,3475.5400390625,602241.5737261474,90.23999786376952,23.25,53.56999969482422,1.128999948501587,-0.00043568469578747493
2021-01-15,171.1300048828125,3444.68994140625,589489.8064926267,90.77999877929688,24.34000015258789,52.36000061035156,1.097000002861023,-0.02117384084699414
2021-01-19,172.5800018310547,3476.260009765625,599932.9588505737,90.5,23.239999771118164,52.97999954223633,1.0920000076293943,0.017715577509443747
2021-01-20,175.38999938964844,3489.909912109375,612095.2973547913,90.47000122070312,21.57999992370605,53.2400016784668,1.090000033378601,0.020272829363333633
2021-01-21,175.27999877929688,3465.260009765625,607390.770281665,90.12999725341795,21.31999969482422,53.130001068115234,1.1089999675750732,-0.007685938927250668
2021-01-22,173.89999389648438,3480.0400390625,605178.94155249,90.23999786376952,21.90999984741211,52.27000045776367,1.090999960899353,-0.0036415250896046913
2021-01-25,174.0500030517578,3525.9599609375,613693.3419615477,90.38999938964844,23.190000534057617,52.77000045776367,1.0399999618530271,0.014069227834027753
2021-01-26,173.6199951171875,3586.260009765625,622646.4453844726,90.16999816894533,23.020000457763672,52.61000061035156,1.0399999618530271,0.014588887984849475
2021-01-27,172.52000427246094,3611.760009765625,623100.8523158692,90.6500015258789,37.209999084472656,52.84999847412109,1.0140000581741333,0.0007297992862000946
2021-01-28,172.67999267578125,3604.260009765625,622383.5920879394,90.45999908447266,30.209999084472656,52.34000015258789,1.0570000410079956,-0.0011511141820204074
2021-01-29,172.61000061035156,3558.260009765625,614191.2624574341,90.58000183105467,33.09000015258789,52.20000076293945,1.093000054359436,-0.013162830342332899
2021-02-01,174.22999572753906,3567.260009765625,621523.6962604858,91.0199966430664,30.239999771118164,53.54999923706055,1.0770000219345093,0.011938355771643483
2021-02-02,172.11000061035156,3571.260009765625,614649.5624604858,91.1999969482422,25.559999465942383,54.7599983215332,1.1050000190734863,-0.011060131482290125
2021-02-03,171.85000610351562,3527.0,606114.9715270996,91.12000274658205,22.90999984741211,55.68999862670898,1.13100004196167,-0.01388529571097663
2021-02-04,168.14999389648438,3533.9599609375,594235.3458620608,91.52999877929688,21.770000457763672,56.22999954223633,1.1390000581741333,-0.019599624201837917
2021-02-05,169.80999755859375,3556.43994140625,603919.0577674806,91.04000091552734,20.8700008392334,56.84999847412109,1.1699999570846558,0.016296088700970213
2021-02-08,171.52000427246094,3553.75,609539.215183258,90.93000030517578,21.239999771118164,57.970001220703125,1.159999966621399,0.009306143502994635
2021-02-09,172.0800018310547,3569.25,614196.546535492,90.44000244140624,21.6299991607666,58.36000061035156,1.156999945640564,0.007640741130714002
2021-02-10,172.7100067138672,3574.550048828125,617360.5629321598,90.37000274658205,21.989999771118164,58.68000030517578,1.1330000162124634,0.005151472137893132
2021-02-11,171.2100067138672,3557.75,609122.401386261,90.41999816894533,21.25,58.2400016784668,1.1579999923706057,-0.013344165533949126
2021-02-12,170.69000244140625,3524.75,601639.5861053467,90.4800033569336,19.96999931335449,59.470001220703125,1.2000000476837158,-0.012284583958634077
2021-02-16,168.24000549316406,3494.75,587956.7591972351,90.51000213623048,21.459999084472656,60.04999923706055,1.2990000247955322,-0.022742564193101056
2021-02-17,166.3300018310547,3525.080078125,586326.5758491457,90.9499969482422,21.5,61.13999938964844,1.3009999990463257,-0.0027726245554439144
2021-02-18,166.32000732421875,3526.449951171875,586519.1817073971,90.58999633789062,22.489999771118164,60.52000045776367,1.2869999408721924,0.00032849586934124986
2021-02-19,167.00999450683594,3545.580078125,592147.3093712032,90.36000061035156,22.049999237060547,59.2400016784668,1.3450000286102295,0.009595811764284035
2021-02-22,169.50999450683594,3511.893310546875,595301.0157793947,90.01000213623047,23.450000762939453,61.4900016784668,1.3700000047683716,0.005325881513403186
2021-02-23,169.1199951171875,3591.75,607436.7424621582,90.16999816894533,23.11000061035156,61.66999816894531,1.3619999885559082,0.020385865908316925
2021-02-24,169.0,3592.75,607174.75,90.18000030517578,21.34000015258789,63.220001220703125,1.3890000581741333,-0.00043130822329950913
2021-02-25,165.82000732421875,3563.25,590858.1410980225,90.12999725341795,28.88999938964844,63.52999877929688,1.5180000066757202,-0.026873003039038612
2021-02-26,161.80999755859375,3608.699951171875,583923.7302888185,90.93000030517578,27.950000762939453,61.5,1.4600000381469729,-0.011736168678859848
2021-03-01,161.52999877929688,3645.25,588817.2280502319,91.04000091552734,23.350000381469727,60.63999938964844,1.4459999799728394,0.0083803714553492
2021-03-02,162.41000366210938,3617.75,587558.7907485962,90.79000091552734,24.100000381469727,59.75,1.4149999618530271,-0.00213722907837266
2021-03-03,160.6199951171875,3654.75,587025.927154541,90.9499969482422,26.670000076293945,61.27999877929688,1.4700000286102295,-0.0009069111082080639
2021-03-04,159.0399932861328,3680.0,585267.1752929688,91.62999725341795,28.56999969482422,63.83000183105469,1.5499999523162842,-0.0029960377901830926
2021-03-05,159.13999938964844,3643.14990234375,579770.8732353821,91.9800033569336,24.65999984741211,66.08999633789062,1.5540000200271606,-0.009391099124660962
2021-03-08,157.49000549316406,3633.39990234375,572224.170578979,92.30999755859376,25.46999931335449,65.05000305175781,1.5959999561309814,-0.013016698500718404
2021-03-09,160.83999633789062,3602.949951171875,579498.4569520876,91.95999908447266,24.030000686645508,64.01000213623047,1.5460000038146973,0.012712301833997186
2021-03-10,161.66000366210938,3590.75,580480.6581497192,91.79000091552734,22.559999465942383,64.44000244140625,1.5199999809265137,0.0016949159844146244
2021-03-11,161.52000427246094,3551.0,573557.5351715088,91.41999816894533,21.90999984741211,66.0199966430664,1.5269999504089355,-0.011926535158428675
2021-03-12,161.49000549316406,3554.25,573975.8520240784,91.68000030517578,20.690000534057617,65.61000061035156,1.6349999904632568,0.0007293372101624396
2021-03-15,162.1999969482422,3503.31494140625,568237.672804825,91.83000183105467,20.030000686645508,65.38999938964844,1.6069999933242798,-0.009997248488796462
2021-03-16,162.35000610351562,3557.25,577519.559211731,91.87000274658205,19.790000915527344,64.80000305175781,1.621000051498413,0.016334514325828664
2021-03-17,163.50999450683594,3557.75,581727.6829566956,91.4000015258789,19.229999542236328,64.5999984741211,1.6410000324249268,0.007286547577208147
2021-03-18,162.55999755859375,3569.25,580217.2712860107,91.8499984741211,21.57999992370605,60.0,1.7300000190734863,-0.0025964239195356287
2021-03-19,163.24000549316406,3545.0,578685.8194732666,91.91999816894533,20.950000762939453,61.41999816894531,1.7319999933242798,-0.0026394454086997587
2021-03-22,163.0,3510.593017578125,572226.6618652344,91.8000030517578,18.8799991607666,61.54999923706055,1.684000015258789,-0.011161769289441903
2021-03-23,161.80999755859375,3557.64990234375,575663.3220125735,92.33999633789062,20.299999237060547,57.7599983215332,1.6380000114440918,0.006005767253376426
2021-03-24,162.3699951171875,3617.75,587414.0498352051,92.52999877929688,21.200000762939453,61.18000030517578,1.6139999628067017,0.02041250045521381
2021-03-25,161.77999877929688,3647.64990234375,590116.7967484742,92.87999725341795,19.809999465942383,58.560001373291016,1.6139999628067017,0.00460109340937187
2021-03-26,162.24000549316406,3666.25,594812.4201393127,92.7699966430664,18.86000061035156,60.970001220703125,1.659999966621399,0.007957108519383471
2021-03-29,160.30999755859375,3688.139892578125,591245.6971749514,92.94000244140624,20.739999771118164,61.560001373291016,1.7209999561309814,-0.005996382798338251
2021-03-30,157.57000732421875,3717.239990234375,585725.5324871093,93.3000030517578,19.61000061035156,60.54999923706055,1.72599995136261,-0.009336498708097496
2021-03-31,159.9600067138672,3728.25,596370.8950309753,93.2300033569336,19.39999961853028,59.15999984741211,1.746000051498413,0.018174660234911766
2021-04-01,161.97999572753906,3659.949951171875,592838.6774538271,92.93000030517578,17.329999923706055,61.45000076293945,1.6790000200271606,-0.005922853725054411
2021-04-05,161.9199981689453,3659.949951171875,592619.0893921815,92.5999984741211,17.90999984741211,58.650001525878906,1.7200000286102295,-0.0003704010382533651
2021-04-06,163.22000122070312,3672.25,599384.649482727,92.33999633789062,18.1200008392334,59.33000183105469,1.656000018119812,0.011416372188558066
2021-04-07,162.75999450683594,3634.75,591591.8900337219,92.45999908447266,17.15999984741211,59.77000045776367,1.652999997138977,-0.013001266308255155
2021-04-08,164.50999450683594,3652.840087890625,600928.7027932368,92.05999755859376,16.950000762939453,59.59999847412109,1.631999969482422,0.01578252325092344
2021-04-09,163.27000427246094,3627.300048828125,592229.2944696657,92.16000366210938,16.690000534057617,59.31999969482422,1.6660000085830688,-0.014476606431236383
2021-04-12,162.27999877929688,3657.75,593579.6655349731,92.13999938964844,16.90999984741211,59.70000076293945,1.6749999523162842,0.0022801490536139557
2021-04-13,163.42999267578125,3663.25,598684.9206695557,91.8499984741211,16.649999618530273,60.18000030517578,1.6230000257492063,0.00860079182460094
2021-04-14,162.72000122070312,3667.0,596694.2444763184,91.69000244140624,16.989999771118164,63.150001525878906,1.6380000114440918,-0.003325081565460186
2021-04-15,165.35000610351562,3655.050048828125,604362.5478823856,91.66999816894533,16.56999969482422,63.459999084472656,1.5299999713897705,0.01285131116489513
2021-04-16,166.35000610351562,3610.25,600565.1095352173,91.55999755859376,16.25,63.130001068115234,1.5729999542236328,-0.006283378016182617
2021-04-19,165.88999938964844,3573.736572265625,592847.1577919088,91.06999969482422,17.290000915527344,63.380001068115234,1.60099995136261,-0.012851149060726264
2021-04-20,166.47999572753906,3625.25,603531.604511261,91.23999786376952,18.68000030517578,62.43999862670898,1.562000036239624,0.018022261857755906
2021-04-21,168.1300048828125,3641.25,612203.380279541,91.16000366210938,17.5,61.34999847412109,1.5640000104904177,0.014368387178832931
2021-04-22,167.0399932861328,3612.25,603390.2157478333,91.33000183105467,18.709999084472656,61.43000030517578,1.5540000200271606,-0.014395811613590825
2021-04-23,166.39999389648438,3633.60009765625,604631.034072265,90.86000061035156,17.329999923706055,62.13999938964844,1.5670000314712524,0.002056411078681375
2021-04-26,166.83999633789062,3626.75,605086.9567184448,90.80999755859376,17.639999389648438,61.90999984741211,1.5700000524520874,0.0007540510170460646
2021-04-27,166.4199981689453,3693.260009765625,614632.3240626343,90.91000366210938,17.559999465942383,62.93999862670898,1.621999979019165,0.015775199313428745
2021-04-28,166.91000366210938,3716.0,620237.5736083984,90.61000061035156,17.280000686645508,63.86000061035156,1.6200000047683716,0.009119679076938558
2021-04-29,166.22000122070312,3694.260009765625,614059.9033328369,90.61000061035156,17.610000610351562,65.01000213623047,1.6399999856948853,-0.009960167746080328
2021-04-30,165.66000366210938,3713.360107421875,615155.2489942387,91.27999877929688,18.61000061035156,63.58000183105469,1.63100004196167,0.001783776559024064
2021-05-03,167.80999755859375,3751.56005859375,629549.284273535,90.9499969482422,18.309999465942383,64.48999786376953,1.6069999933242798,0.023399028623798834
2021-05-04,166.5800018310547,3803.199951171875,633537.054830078,91.29000091552734,19.479999542236328,65.69000244140625,1.5920000076293943,0.006334326249206601
2021-05-05,167.27000427246094,3827.75,640267.7588539124,91.30999755859376,19.14999961853028,65.62999725341797,1.5839999914169312,0.010624010028331465
2021-05-06,170.05999755859375,3849.260009765625,654605.1478631347,90.9499969482422,18.38999938964844,64.70999908447266,1.5609999895095823,0.02239280177856595
2021-05-07,171.58999633789062,3801.0,652213.5760803223,90.2300033569336,16.690000534057617,64.9000015258789,1.5770000219345093,-0.003653457035312724
2021-05-10,172.11000061035156,3748.260009765625,645113.0325685181,90.20999908447266,19.65999984741211,64.91999816894531,1.6019999980926514,-0.01088683795034917
2021-05-11,172.13999938964844,3705.06005859375,637789.0362249389,90.13999938964844,21.84000015258789,65.27999877929688,1.6239999532699585,-0.01135304353474098
2021-05-12,170.42999267578125,3710.260009765625,632339.5862895995,90.70999908447266,27.59000015258789,66.08000183105469,1.6950000524520874,-0.00854428286756792
2021-05-13,171.1300048828125,3748.760009765625,641525.3187756836,90.75,23.1299991607666,63.81999969482422,1.6679999828338623,0.014526581421200557
2021-05-14,172.69000244140625,3719.360107421875,642296.3060311526,90.31999969482422,18.809999465942383,65.37000274658203,1.6349999904632568,0.0012018033161034225
2021-05-17,174.6999969482422,3683.760009765625,643552.8624641113,90.22000122070312,19.71999931335449,66.2699966430664,1.6399999856948853,0.0019563500850925397
2021-05-18,175.0399932861328,3683.760009765625,644805.3273770995,89.75,21.34000015258789,65.48999786376953,1.6419999599456787,0.001946172546249958
2021-05-19,175.16000366210938,3658.260009765625,640780.8367074952,90.19000244140624,22.18000030517578,63.36000061035156,1.6829999685287476,-0.006241404186244859
2021-05-20,175.9600067138672,3683.199951171875,648095.8881367184,89.80999755859375,20.670000076293945,62.04999923706055,1.633999943733215,0.011415839878748502
2021-05-21,176.0399932861328,3717.050048828125,654349.4656399228,90.0199966430664,20.14999961853028,63.58000183105469,1.631999969482422,0.00964915472798844
2021-05-24,176.35000610351562,3745.25,660474.8603591919,89.83000183105469,18.39999961853028,66.05000305175781,1.6080000400543213,0.009361044886433634
2021-05-25,177.9499969482422,3732.75,664242.851108551,89.63999938964844,18.84000015258789,66.06999969482422,1.5640000104904177,0.005704972248769646
2021-05-26,177.63999938964844,3737.75,663973.9077186584,90.04000091552734,17.360000610351562,66.20999908447266,1.5740000009536743,-0.000404887142471666
2021-05-27,177.7100067138672,3741.25,664857.5626182556,89.97000122070312,16.739999771118164,66.8499984741211,1.6100000143051147,0.0013308578685469197
2021-05-28,178.3800048828125,3719.9599609375,663566.4759958982,90.02999877929688,16.760000228881836,66.31999969482422,1.5809999704360962,-0.0019418995811267825
2021-06-01,177.89999389648438,3706.25,659341.8523788452,89.83000183105469,17.899999618530273,67.72000122070312,1.6150000095367432,-0.006366541665192793
2021-06-02,178.77000427246094,3664.550048828125,655111.6278856508,89.9000015258789,17.479999542236328,68.83000183105469,1.590999960899353,-0.006415828872279428
2021-06-03,175.27000427246094,3651.75,640042.2381019592,90.5,18.040000915527344,68.80999755859375,1.625,-0.0230027817279439
2021-06-04,177.16000366210938,3659.25,648272.7434005737,90.13999938964844,16.420000076293945,69.62000274658203,1.559999942779541,0.012859315852375541
2021-06-07,177.8699951171875,3605.75,641354.7348937988,89.94999694824219,16.420000076293945,69.2300033569336,1.569000005722046,-0.010671447438135195
2021-06-08,177.32000732421875,3605.75,639371.6164093018,90.08000183105467,17.06999969482422,70.05000305175781,1.527999997138977,-0.0030920774052216604
2021-06-09,176.97999572753906,3592.85009765625,635862.5949328914,90.12000274658205,17.889999389648438,69.95999908447266,1.4889999628067017,-0.005488234676598425
2021-06-10,177.74000549316406,3587.179931640625,637585.3807547726,90.08000183105467,16.100000381469727,70.29000091552734,1.4589999914169312,0.0027093680861396408
2021-06-11,175.74000549316406,3602.489990234375,633101.6106728576,90.55999755859376,15.649999618530272,70.91000366210938,1.462000012397766,-0.007032422977777619
2021-06-14,174.7100067138672,3652.75,638171.9770240784,90.5199966430664,16.389999389648438,70.87999725341797,1.5010000467300415,0.008008771839692619
2021-06-15,174.0500030517578,3652.75,635761.1486473083,90.54000091552734,17.020000457763672,72.12000274658203,1.4989999532699585,-0.0037777095572453234
2021-06-16,171.11000061035156,3696.25,632465.339756012,91.12999725341795,18.14999961853028,72.1500015258789,1.569000005722046,-0.005184036329223263
2021-06-17,165.85000610351562,3672.25,609042.6849136353,91.88999938964844,17.75,71.04000091552734,1.5110000371932983,-0.037033894776609455
2021-06-18,164.92999267578125,3727.25,614735.3152008057,92.2300033569336,20.700000762939453,71.63999938964844,1.4500000476837158,0.009346849454365591
2021-06-21,166.9499969482422,3767.25,628942.3760032654,91.86000061035156,17.889999389648438,73.66000366210938,1.4839999675750732,0.023110858366448106
2021-06-22,166.25,3758.300048828125,624817.3831176758,91.7300033569336,16.65999984741211,73.05999755859375,1.472000002861023,-0.006558618154818396
2021-06-23,166.13999938964844,3780.35009765625,628067.3629172668,91.8000030517578,16.31999969482422,73.08000183105469,1.4869999885559082,0.005201487486430789
2021-06-24,166.0399932861328,3782.300048828125,628013.0747135617,91.81999969482422,15.970000267028809,73.30000305175781,1.4869999885559082,-8.643691251997154e-05
2021-06-25,166.58999633789062,3764.5,627128.0412139893,91.80999755859376,15.619999885559082,74.05000305175781,1.5360000133514404,-0.001409259671824703
2021-06-28,166.5800018310547,3726.058349609375,620686.8067005463,91.87999725341795,15.760000228881836,72.91000366210938,1.4780000448226929,-0.010271003830372605
2021-06-29,164.8300018310547,3701.25,610077.0442771912,92.0500030517578,16.020000457763672,72.9800033569336,1.4800000190734863,-0.017093584572474896
2021-06-30,165.6300048828125,3765.75,623721.1908874512,92.44000244140624,15.829999923706056,73.47000122070312,1.4429999589920044,0.022364628760004113
2021-07-01,166.1999969482422,3748.25,622959.1385612488,92.5999984741211,15.479999542236328,75.2300033569336,1.4800000190734863,-0.0012217836067396348
2021-07-02,167.2899932861328,3776.0,631687.0146484375,92.2300033569336,15.06999969482422,75.16000366210938,1.430999994277954,0.014010350835122365
2021-07-06,168.1199951171875,3740.25,628810.8117370605,92.5500030517578,16.440000534057617,73.37000274658203,1.3700000047683716,-0.004553208859260249
2021-07-07,168.75999450683594,3777.75,637533.0692481995,92.63999938964844,16.200000762939453,72.19999694824219,1.3209999799728394,0.013871036165939987
2021-07-08,168.64999389648438,3828.0,645592.1766357422,92.36000061035156,19.0,72.94000244140625,1.287999987602234,0.012641081343507832
2021-07-09,169.2100067138672,3839.25,649639.5182762146,92.12999725341795,16.18000030517578,74.55999755859375,1.3559999465942385,0.00626919251339686
2021-07-12,169.0,3829.25,647143.25,92.2300033569336,16.170000076293945,74.0999984741211,1.3630000352859497,-0.0038425437584805877
2021-07-13,169.22000122070312,3820.35009765625,646479.6481889039,92.75,17.1200008392334,75.25,1.4149999618530271,-0.0010254326396761382
2021-07-14,171.0399932861328,3821.449951171875,653620.7739917301,92.41000366210938,16.329999923706055,73.12999725341797,1.3559999465942385,0.01104617264105956
2021-07-15,171.07000732421875,3792.27001953125,648743.6600166261,92.62000274658205,17.010000228881836,71.6500015258789,1.2970000505447388,-0.007461687524585425
2021-07-16,169.41000366210938,3803.0,644266.243927002,92.69000244140624,18.450000762939453,71.80999755859375,1.2999999523162842,-0.00690167220980531
2021-07-19,169.61000061035156,3815.85009765625,647206.3373924866,92.88999938964844,22.5,66.41999816894531,1.180999994277954,0.004563475881592005
2021-07-20,169.38999938964844,3768.54833984375,638354.4009859934,92.97000122070312,19.729999542236328,67.41999816894531,1.2089999914169312,-0.013677147294565373
2021-07-21,168.75999450683594,3833.75,646983.6289405823,92.75,17.90999984741211,70.30000305175781,1.2799999713897705,0.013517926627058863
2021-07-22,169.08999633789062,3853.25,651546.028388977,92.81999969482422,17.690000534057617,71.91000366210938,1.2649999856948853,0.00705180045415621
2021-07-23,168.55999755859375,3868.449951171875,652065.9143250734,92.91000366210938,17.200000762939453,72.06999969482422,1.2860000133514404,0.0007979266443873811
2021-07-26,168.16000366210938,3887.25,653679.9742355347,92.6500015258789,17.579999923706055,71.91000366210938,1.2760000228881836,0.0024753017678158518
2021-07-27,168.44000244140625,3909.0,658431.969543457,92.43000030517578,19.36000061035156,71.6500015258789,1.2339999675750732,0.007269605151174696
2021-07-28,169.2899932861328,3930.25,665351.9961128235,92.31999969482422,18.309999465942383,72.38999938964844,1.2610000371932983,0.010509858101459768
2021-07-29,171.1699981689453,3871.75,662727.440410614,91.86000061035156,17.700000762939453,73.62000274658203,1.2690000534057615,-0.0039446123518721565
2021-07-30,169.82000732421875,3845.85009765625,653102.2917518318,92.16999816894533,18.239999771118164,73.94999694824219,1.2389999628067017,-0.014523540254827383
2021-08-02,169.61000061035156,3876.25,657450.7648658752,92.0500030517578,19.459999084472656,71.26000213623047,1.1740000247955322,0.006658180761208943
2021-08-03,169.49000549316406,3889.75,659273.7488670349,92.08000183105467,18.040000915527344,70.55999755859375,1.1759999990463257,0.002772806875555922
2021-08-04,169.52999877929688,3908.0,662523.2352294922,92.2699966430664,17.969999313354492,68.1500015258789,1.184000015258789,0.004928887837626572
2021-08-05,168.86000061035156,3901.25,658765.077381134,92.23999786376952,17.280000686645508,69.08999633789062,1.2170000076293943,-0.005672492145964325
2021-08-06,164.63999938964844,3916.25,644771.3976097107,92.8000030517578,16.149999618530273,68.27999877929688,1.2899999618530271,-0.021242291450928263
2021-08-09,161.72000122070312,3965.35009765625,641276.422633484,92.9499969482422,16.719999313354492,66.4800033569336,1.3170000314712524,-0.0054204869961403945
2021-08-10,161.77000427246094,3995.60009765625,646368.2448688969,93.05999755859376,16.790000915527344,68.29000091552734,1.3420000076293943,0.007940136352593052
2021-08-11,164.0,3966.25,650465.0,92.91000366210938,16.170000076293945,69.25,1.3289999961853027,0.006338113240593968
2021-08-12,164.0399932861328,3940.449951171875,646391.3835345767,93.04000091552734,15.59000015258789,69.08999633789062,1.3669999837875366,-0.0062626220710158
2021-08-13,166.38999938964844,3857.25,641807.8251457214,92.5199966430664,15.449999809265137,68.44000244140625,1.2970000505447388,-0.0070909954953168874
2021-08-16,167.22000122070312,3840.449951171875,642200.0455230102,92.62999725341795,16.1200008392334,67.29000091552734,1.256999969482422,0.0006111180978507491
2021-08-17,166.97000122070312,3840.449951171875,641239.9330352172,93.12999725341795,17.90999984741211,66.58999633789062,1.2580000162124634,-0.0014950364679763295
2021-08-18,167.10000610351562,3878.25,648055.5986709595,93.13999938964844,21.56999969482422,65.45999908447266,1.2730000019073486,0.01062888520289329
2021-08-19,166.61000061035156,3849.75,641406.8498497009,93.56999969482422,21.670000076293945,63.68999862670898,1.2419999837875366,-0.010259534575264628
2021-08-20,166.6999969482422,3868.64990234375,644903.9269145206,93.5,18.559999465942383,62.31999969482422,1.2599999904632568,0.005452197876650411
2021-08-23,168.72999572753906,3870.25,653027.265964508,92.95999908447266,17.149999618530273,65.63999938964844,1.2549999952316284,0.012596200319096917
2021-08-24,168.64999389648438,3880.199951171875,654395.6980822757,92.88999938964844,17.219999313354492,67.54000091552734,1.2899999618530271,0.0020955206452926145
2021-08-25,167.47999572753906,3865.25,647352.0534858704,92.83000183105467,16.790000915527344,68.36000061035156,1.3420000076293943,-0.010763586339346265
2021-08-26,167.6699981689453,3863.75,647834.9554252625,93.05999755859376,18.84000015258789,67.41999816894531,1.3420000076293943,0.0007459649456456052
2021-08-27,170.19000244140625,3866.0,657954.5494384766,92.69000244140624,16.389999389648438,68.73999786376953,1.312000036239624,0.015620635979068487
2021-08-30,169.35000610351562,3827.260009765625,648146.5060135499,92.6500015258789,16.190000534057617,69.20999908447266,1.284999966621399,-0.014906870745551082
2021-08-31,169.69000244140625,3815.0,647367.3593139648,92.62999725341795,16.479999542236328,68.5,1.3040000200271606,-0.0012021150964419691
2021-09-01,169.6999969482422,3767.39990234375,639327.7519305423,92.4499969482422,16.110000610351562,68.58999633789062,1.3020000457763672,-0.01241892608231343
2021-09-02,169.25,3758.25,636083.8125,92.2300033569336,16.40999984741211,69.98999786376953,1.2940000295639038,-0.00507398501120393
2021-09-03,171.05999755859375,3793.25,648873.3357391357,92.04000091552734,16.40999984741211,69.29000091552734,1.3220000267028809,0.02010666359967428
2021-09-07,167.7100067138672,3757.743408203125,630211.1722187363,92.5199966430664,18.13999938964844,68.3499984741211,1.3700000047683716,-0.028760872873811794
2021-09-08,167.2899932861328,3798.25,635409.216999054,92.6500015258789,17.959999084472656,69.30000305175781,1.3339999914169312,0.008248100017042459
2021-09-09,168.02999877929688,3815.800048828125,641168.8775466308,92.4800033569336,18.799999237060547,68.13999938964844,1.2990000247955322,0.00906449008526966
2021-09-10,167.17999267578125,3841.949951171875,642297.1646976322,92.58000183105467,20.950000762939453,69.72000122070312,1.340999960899353,0.0017597347446411948
2021-09-13,167.74000549316406,3833.25,642989.3760566711,92.62000274658205,19.3700008392334,70.44999694824219,1.3240000009536743,0.0010777119954512582
2021-09-14,168.82000732421875,3828.85009765625,646386.5015296638,92.6500015258789,19.459999084472656,70.45999908447266,1.2769999504089355,0.005283330641987494
2021-09-15,167.8300018310547,3828.739990234375,642577.4395716675,92.48999786376952,18.18000030517578,72.61000061035156,1.3040000200271606,-0.0058928550472237
2021-09-16,164.02999877929688,3813.25,625487.3928451538,92.86000061035156,18.690000534057617,72.61000061035156,1.3309999704360962,-0.026596088928838912
2021-09-17,163.77000427246094,3815.419921875,624851.3369067013,93.1999969482422,20.809999465942383,71.97000122070312,1.3700000047683716,-0.001016896496601194
2021-09-20,164.94000244140625,3825.75,631019.21434021,93.23999786376952,25.709999084472656,70.29000091552734,1.309000015258789,0.009870951807581019
2021-09-21,166.0399932861328,3842.25,637967.1642036438,93.1999969482422,24.36000061035156,70.55999755859375,1.3240000009536743,0.01101067876466888
2021-09-22,165.4199981689453,3835.5,634468.4029769897,93.45999908447266,20.8700008392334,72.2300033569336,1.3359999656677246,-0.005484234021701506
2021-09-23,163.50999450683594,3831.919921875,626557.2053764164,93.0999984741211,18.6299991607666,73.30000305175781,1.409999966621399,-0.01246901746951179
2021-09-24,163.3000030517578,3832.25,625806.4366950989,93.33000183105467,17.75,73.9800033569336,1.4600000381469729,-0.0011982444298386241
2021-09-27,163.63999938964844,3834.9599609375,627552.8456671387,93.37999725341795,18.76000022888184,75.44999694824219,1.4839999675750732,0.0027906535785451325
2021-09-28,162.0500030517578,3839.580078125,622203.9633776248,93.7699966430664,23.25,75.29000091552734,1.534000039100647,-0.008523397394250787
2021-09-29,161.32000732421875,3835.580078125,618755.8062957525,94.33999633789062,22.559999465942383,74.83000183105469,1.5410000085830688,-0.005541843647465572
2021-09-30,164.22000122070312,3834.25,629660.539680481,94.25,23.13999938964844,75.02999877929688,1.5290000438690186,0.01762364615212375
2021-10-01,164.58999633789062,3808.6201171875,626860.7711403072,94.04000091552734,21.100000381469727,75.87999725341797,1.4789999723434448,-0.0044464729226870725
2021-10-04,165.36000061035156,3788.25,626425.0223121643,93.80999755859376,22.959999084472656,77.62000274658203,1.4809999465942385,-0.000695128564753289
2021-10-05,164.58999633789062,3788.25,623508.0536270142,93.9800033569336,21.299999237060547,78.93000030517578,1.5290000438690186,-0.004656532835140448
2021-10-06,165.02999877929688,3781.75,624102.197883606,94.2699966430664,21.0,77.43000030517578,1.52400004863739,0.0009529055048056456
2021-10-07,164.16000366210938,3785.580078125,621440.8394882083,94.22000122070312,19.540000915527344,78.30000305175781,1.5709999799728394,-0.004264299027342933
2021-10-08,164.22999572753906,3770.580078125,619242.3501208127,94.06999969482422,18.770000457763672,79.3499984741211,1.6050000190734863,-0.0035377291412103107
2021-10-11,163.9199981689453,3765.14990234375,617183.3650979921,94.31999969482422,20.0,80.5199966430664,1.6139999628067017,-0.003325006796480956
2021-10-12,164.66000366210938,3751.25,617680.8387374878,94.5199966430664,19.850000381469727,80.63999938964844,1.5800000429153442,0.0008060386388033525
2021-10-13,167.58999633789062,3724.580078125,624202.3616531491,94.08000183105467,18.63999938964844,80.44000244140625,1.5490000247955322,0.01055807871422898
2021-10-14,168.0,3738.25,628026.0,93.95999908447266,16.860000610351562,81.30999755859375,1.5190000534057615,0.00612563902629959
2021-10-15,165.3300018310547,3761.580078125,621902.0412040651,93.94000244140624,16.299999237060547,82.27999877929688,1.5759999752044678,-0.009751123036203735
2021-10-18,164.9199981689453,3761.919921875,620415.8266273439,93.9499969482422,16.309999465942383,82.44000244140625,1.5839999914169312,-0.002389788870677645
2021-10-19,165.4499969482422,3767.25,623291.5010032654,93.79000091552734,15.699999809265137,82.95999908447266,1.6349999904632568,0.00463507578707989
2021-10-20,166.89999389648438,3765.050048828125,628386.8301693723,93.55999755859376,15.489999771118164,83.87000274658203,1.6360000371932983,0.008174873486812118
2021-10-21,166.75,3766.340087890625,628037.2096557617,93.7699966430664,15.010000228881836,82.5,1.6759999990463257,-0.0005563778501155303
2021-10-22,167.77000427246094,3779.25,634044.788646698,93.61000061035156,15.43000030517578,83.76000213623047,1.6549999713897705,0.009565641810027614
2021-10-25,168.92999267578125,3766.25,636232.5849151611,93.80999755859376,15.239999771118164,83.76000213623047,1.6349999904632568,0.0034505389960428623
2021-10-26,167.67999267578125,3765.25,631357.0924224854,93.9499969482422,15.979999542236328,84.6500015258789,1.61899995803833,-0.00766306631925473
2021-10-27,168.1199951171875,3769.75,633770.3515930176,93.86000061035156,16.979999542236328,82.66000366210938,1.5290000438690186,0.003822336360034706
2021-10-28,168.0800018310547,3758.25,631686.6668815613,93.3499984741211,16.530000686645508,82.80999755859375,1.5679999589920044,-0.0032877598426920285
2021-10-29,166.64999389648438,3777.75,629562.0144424438,94.12000274658205,16.260000228881836,83.56999969482422,1.5570000410079956,-0.0033634593707766447
2021-11-01,167.52000427246094,3758.25,629582.0560569763,93.87999725341795,16.40999984741211,84.05000305175781,1.5750000476837158,3.183421819086263e-05
2021-11-02,167.16000366210938,3758.25,628229.0837631226,94.08999633789062,16.030000686645508,83.91000366210938,1.5490000247955322,-0.0021490007233168074
2021-11-03,165.77000427246094,3797.25,629470.1487236023,93.86000061035156,15.100000381469728,80.86000061035156,1.5789999961853027,0.00197549746192216
2021-11-04,167.64999389648438,3830.35009765625,642158.1704934686,94.3499984741211,15.4399995803833,78.80999755859375,1.52400004863739,0.02015666953483697
2021-11-05,169.83999633789062,3870.25,657323.2458267212,94.31999969482422,16.479999542236328,81.2699966430664,1.4529999494552612,0.023615794410275726
2021-11-08,170.4499969482422,3870.75,659769.3256874084,94.0500030517578,17.219999313354492,81.93000030517578,1.496999979019165,0.003721273933665392
2021-11-09,171.2899932861328,3875.25,663791.5464820862,93.95999908447266,17.780000686645508,84.1500015258789,1.4320000410079956,0.0060964046645954895
2021-11-10,173.14999389648438,3865.239990234375,669266.2807175294,94.8499984741211,18.729999542236328,81.33999633789062,1.559999942779541,0.008247670920875416
2021-11-11,174.1199951171875,3875.75,674845.5710754395,95.18000030517578,17.65999984741211,81.58999633789062,1.559999942779541,0.008336428292679665
2021-11-12,174.4499969482422,3877.25,676386.250667572,95.12999725341795,16.290000915527344,80.79000091552734,1.5820000171661377,0.002283010600006241
2021-11-15,174.17999267578125,3881.050048828125,676001.2690792233,95.41000366210938,16.489999771118164,80.87999725341797,1.6230000257492063,-0.0005691741781693738
2021-11-16,172.9199981689453,3883.050048828125,671457.0073332824,95.91999816894533,16.3700008392334,80.76000213623047,1.633999943733215,-0.006722268069304982
2021-11-17,174.5,3893.25,679372.125,95.83000183105467,17.110000610351562,78.36000061035156,1.6039999723434448,0.011787973884065606
2021-11-18,173.94000244140625,3917.25,681366.4745635986,95.54000091552734,17.59000015258789,79.01000213623047,1.5889999866485596,0.0029355775578789878
2021-11-19,172.61000061035156,3933.25,678918.2849006653,96.06999969482422,17.90999984741211,76.0999984741211,1.5360000133514404,-0.003593058587893383
2021-11-22,168.74000549316406,3912.25,660153.0864906311,96.5,19.170000076293945,76.75,1.625,-0.0276398483107283
2021-11-23,167.27999877929688,3924.0,656406.7152099609,96.48999786376952,19.3799991607666,78.5,1.6670000553131104,-0.005675003809473722
2021-11-24,167.1199951171875,3948.25,659831.5207214355,96.83999633789062,18.57999992370605,78.38999938964844,1.6449999809265137,0.00521750529377063
2021-11-26,166.85000610351562,3979.25,663937.8867874146,96.08999633789062,28.6200008392334,68.1500015258789,1.4819999933242798,0.006223355412741105
2021-11-29,166.6199951171875,4005.25,667354.7354431152,96.33999633789062,22.959999084472656,69.94999694824219,1.5299999713897705,0.005146337818186186
2021-11-30,165.5,4033.25,667502.875,95.98999786376952,27.190000534057617,66.18000030517578,1.4429999589920044,0.0002219802288305761
2021-12-01,166.16000366210938,3993.25,663518.4346237183,96.0500030517578,31.1200008392334,65.56999969482422,1.434000015258789,-0.005969173355667934
2021-12-02,165.24000549316406,3964.81005859375,655145.2358613834,96.12999725341795,27.950000762939453,66.5,1.4479999542236328,-0.012619391301589622
2021-12-03,166.6300048828125,3935.25,655730.7267150879,96.12000274658205,30.670000076293945,66.26000213623047,1.343000054359436,0.0008936810063722156
2021-12-06,166.22000122070312,3890.587646484375,646693.4833478853,96.29000091552734,27.18000030517578,69.48999786376953,1.434000015258789,-0.013781942799104496
2021-12-07,166.80999755859375,3930.75,655688.3979034424,96.37000274658205,21.88999938964844,72.05000305175781,1.4800000190734863,0.01390908488669318
2021-12-08,166.89999389648438,3909.22998046875,652450.4598801881,95.88999938964844,19.89999961853028,72.36000061035156,1.508999943733215,-0.0049382268065251145
2021-12-09,165.8800048828125,3892.25,645646.449005127,96.2699966430664,21.57999992370605,70.94000244140625,1.4869999885559082,-0.01042839463445333
2021-12-10,166.5800018310547,3857.367431640625,642560.273825746,96.0500030517578,18.690000534057617,71.66999816894531,1.4889999628067017,-0.004779977004653824
2021-12-13,167.0,3842.510009765625,641699.1716308594,96.31999969482422,20.309999465942383,71.29000091552734,1.4240000247955322,-0.0013401111614942396
2021-12-14,165.44000244140625,3884.75,642693.0494842529,96.56999969482422,21.88999938964844,70.7300033569336,1.437999963760376,0.0015488220919277484
2021-12-15,166.14999389648438,3926.739990234375,652427.8254105225,96.51000213623048,19.290000915527344,70.87000274658203,1.4630000591278076,0.01514685110424252
2021-12-16,168.16000366210938,3998.550048828125,672396.1908540651,96.04000091552734,20.56999969482422,72.37999725341797,1.4220000505447388,0.030606244347377576
2021-12-17,167.8000030517578,4017.050048828125,674061.0104524232,96.56999969482422,21.56999969482422,70.86000061035156,1.4019999504089355,0.002475950371229052
2021-12-20,167.08999633789062,4002.313232421875,668746.5033484623,96.5500030517578,22.8700008392334,68.2300033569336,1.4190000295639038,-0.00788431168922521
2021-12-21,167.02000427246094,4004.75,668873.3621101379,96.48999786376952,21.01000022888184,71.12000274658203,1.4869999885559082,0.00018969633641519046
2021-12-22,168.58999633789062,4000.14990234375,674385.2573871464,96.08000183105467,18.6299991607666,72.76000213623047,1.4570000171661377,0.008240566285402151
2021-12-23,168.97000122070312,3998.239990234375,675582.6160305664,96.0199966430664,17.959999084472656,73.79000091552734,1.493000030517578,0.0017754816409527585
2021-12-27,169.3699951171875,3989.75,675743.9380187988,96.08999633789062,17.68000030517578,75.56999969482422,1.4809999465942385,0.00023878943064037372
2021-12-28,168.63999938964844,3995.080078125,673730.3019365966,96.1999969482422,17.540000915527344,75.9800033569336,1.4809999465942385,-0.002979880349509245
2021-12-29,168.58999633789062,4007.419921875,675610.9099532962,95.93000030517578,16.950000762939453,76.55999755859375,1.5429999828338623,0.002791336550091117
2021-12-30,169.8000030517578,4036.1201171875,685333.2082156986,95.97000122070312,17.329999923706055,76.98999786376953,1.5149999856948853,0.014390380793398494
2021-12-31,170.9600067138672,4068.25,695508.0473136902,95.66999816894533,17.219999313354492,75.20999908447266,1.5119999647140503,0.014846557814529815
2022-01-03,168.3300018310547,4063.580078125,684022.4419914186,96.23999786376952,16.600000381469727,76.08000183105469,1.628000020980835,-0.01651397904975116
2022-01-04,169.57000732421875,4063.080078125,688976.5186065435,96.29000091552734,16.90999984741211,76.98999786376953,1.6679999828338623,0.007242564440871124
2022-01-05,169.05999755859375,4078.550048828125,689519.6612974852,96.19000244140624,19.729999542236328,77.8499984741211,1.7050000429153442,0.0007883326590580886
2022-01-06,166.99000549316406,4026.919921875,672455.379874438,96.25,19.61000061035156,79.45999908447266,1.7330000400543213,-0.024748070839542002
2022-01-07,167.75,4030.919921875,676186.8168945312,95.73999786376952,18.76000022888184,78.9000015258789,1.7710000276565552,0.005548973406666713
2022-01-10,168.25999450683594,3970.704833984375,668110.7735544778,95.98999786376952,19.39999961853028,78.2300033569336,1.7799999713897705,-0.011943509010044928
2022-01-11,170.2899932861328,4048.2900390625,689383.2835722715,95.62000274658205,18.40999984741211,81.22000122070312,1.746000051498413,0.0318397949259519
2022-01-12,170.74000549316406,3993.18994140625,681797.2725309506,95.0,17.6200008392334,82.63999938964844,1.725000023841858,-0.011004054235274396
2022-01-13,170.16000366210938,3977.419921875,676797.7884719968,94.79000091552734,20.309999465942383,82.12000274658203,1.7109999656677246,-0.007332801494489449
2022-01-14,169.6699981689453,3965.35009765625,672800.943808563,95.16999816894533,19.190000534057617,83.81999969482422,1.7719999551773071,-0.00590552264134514
2022-01-18,169.38999938964844,4005.2099609375,678442.512838617,95.7300033569336,22.790000915527344,85.43000030517578,1.8650000095367432,0.008385197853793658
2022-01-19,172.0800018310547,4035.550048828125,694437.4597916566,95.51000213623048,23.850000381469727,86.95999908447266,1.8270000219345093,0.023575979762996413
2022-01-20,171.64999389648438,3992.320068359375,685281.7153666988,95.73999786376952,25.59000015258789,86.9000015258789,1.8329999446868896,-0.013184404579362208
2022-01-21,171.08999633789062,3973.75,679868.8729476929,95.63999938964844,28.850000381469727,85.13999938964844,1.746999979019165,-0.007898711285634574
2022-01-24,172.02999877929688,3954.7099609375,680328.7497525513,95.91999816894533,29.89999961853028,83.30999755859375,1.7350000143051147,0.0006764198555886392
2022-01-25,172.5800018310547,3974.080078125,685846.7471595705,95.9499969482422,31.15999984741211,85.5999984741211,1.7829999923706057,0.008110780867376377
2022-01-26,169.7899932861328,3966.39990234375,673455.0127890632,96.48999786376952,31.959999084472656,87.3499984741211,1.8480000495910645,-0.018067789082368058
2022-01-27,167.60000610351562,3928.25,658374.7239761353,97.26000213623048,30.489999771118164,86.61000061035156,1.807000041007996,-0.02239242195328539
2022-01-28,167.10000610351562,3961.260009765625,661926.5718094483,97.2699966430664,27.65999984741211,86.81999969482422,1.781999945640564,0.005394872713007981
2022-01-31,168.08999633789062,3912.49755859375,657651.7002960294,96.54000091552734,24.82999992370605,88.1500015258789,1.781999945640564,-0.006458226177161963
2022-02-01,168.22999572753906,3941.27001953125,663039.83854682,96.38999938964844,21.959999084472656,88.19999694824219,1.7999999523162842,0.008192996761606786
2022-02-02,168.83999633789062,3922.090087890625,662205.6760763302,95.94000244140624,22.09000015258789,88.26000213623047,1.7660000324249268,-0.0012580880091880298
2022-02-03,168.60000610351562,3931.929931640625,662923.4104732051,95.37999725341795,24.350000381469727,90.2699966430664,1.8270000219345093,0.001083854190328859
2022-02-04,168.86000061035156,3952.8701171875,667481.6504009217,95.4800033569336,23.21999931335449,92.30999755859376,1.9299999475479128,0.006875967654337067
2022-02-07,170.11000061035156,3954.7900390625,672749.3359587342,95.4000015258789,22.86000061035156,91.31999969482422,1.9160000085830688,0.007891880705107601
2022-02-08,170.6300048828125,3963.489990234375,676290.3163866699,95.63999938964844,21.440000534057617,89.36000061035156,1.9539999961853027,0.005263446931373705
2022-02-09,171.2100067138672,3952.1298828125,676644.1837704033,95.48999786376952,19.959999084472656,89.66000366210938,1.9290000200271609,0.0005232477460628271
2022-02-10,170.55999755859375,3933.39990234375,670880.6777407229,95.5500030517578,23.90999984741211,89.87999725341797,2.0309998989105225,-0.008517779606949216
2022-02-11,173.80999755859375,3917.090087890625,680829.4186130613,96.08000183105467,27.36000061035156,93.0999984741211,1.955000042915344,0.014829374585421107
2022-02-14,174.74000549316406,3895.65869140625,680727.4211358204,96.37000274658205,28.32999992370605,95.45999908447266,1.996000051498413,-0.00014981355748200365
2022-02-15,173.0800018310547,3942.669921875,682397.3172973692,95.98999786376952,25.700000762939453,92.06999969482422,2.0450000762939453,0.002453105471735606
2022-02-16,174.86000061035156,3948.580078125,690448.7148709595,95.6999969482422,24.290000915527344,93.66000366210938,2.046999931335449,0.011798694645339225
2022-02-17,177.25,3962.68994140625,702386.7921142578,95.8000030517578,28.11000061035156,91.76000213623048,1.972000002861023,0.0172903171317067
2022-02-18,177.1199951171875,3942.75,698339.860748291,96.04000091552734,27.75,91.06999969482422,1.932000041007996,-0.005761684888443197
2022-02-22,177.49000549316406,3932.199951171875,697926.1909337156,96.02999877929688,28.809999465942383,92.3499984741211,1.9479999542236328,-0.0005923617393573943
2022-02-23,178.2899932861328,3927.919921875,700308.8164995611,96.19000244140624,31.020000457763672,92.0999984741211,1.976999998092652,0.0034138646705004216
2022-02-24,177.13999938964844,3911.090087890625,692810.4957818054,97.13999938964844,30.31999969482422,92.80999755859376,1.968999981880188,-0.010707163098753303
2022-02-25,176.5500030517578,3924.75,692914.6244773865,96.62000274658205,27.59000015258789,91.58999633789062,1.9859999418258667,0.00015029895796203618
2022-02-28,178.3800048828125,3853.7451171875,687431.0728210211,96.70999908447266,30.14999961853028,95.72000122070312,1.83899998664856,-0.007913747902927093
2022-03-01,181.6199951171875,3925.919921875,713025.5570414066,97.41000366210938,33.31999969482422,103.41000366210938,1.7070000171661377,0.03723207348680524
2022-03-02,179.72999572753906,3880.919921875,697517.720977515,97.38999938964844,30.739999771118164,110.5999984741211,1.8650000095367432,-0.021749341115119503
2022-03-03,180.8000030517578,3845.919921875,695342.3336118162,97.79000091552734,30.479999542236328,107.66999816894533,1.843999981880188,-0.0031187556964863417
2022-03-04,183.67999267578125,3757.699951171875,690214.2995090336,98.6500015258789,31.979999542236328,115.68000030517578,1.7239999771118164,-0.007374833740017017
2022-03-07,186.4100036621093,3731.724609375,695630.7980995773,99.29000091552734,36.45000076293945,119.4000015258789,1.7510000467300415,0.007847560669775433
2022-03-08,191.509994506836,3808.75,729413.6915779115,99.05999755859376,35.130001068115234,123.6999969482422,1.871999979019165,0.048564401649016986
2022-03-09,185.82000732421875,3771.1201171875,700749.5677962899,97.97000122070312,32.45000076293945,108.6999969482422,1.9479999542236328,-0.039297485244091934
2022-03-10,186.3999938964844,3739.75,697089.3771743776,98.51000213623048,30.229999542236328,106.0199966430664,2.010999917984009,-0.005223250630639553
2022-03-11,185.08999633789065,3816.919921875,706473.6943618656,99.12000274658205,30.75,109.33000183105467,2.003999948501587,0.013462143442103613
2022-03-14,182.3000030517578,3817.590087890625,695946.6846728213,99.05999755859376,31.770000457763672,103.01000213623048,2.140000104904175,-0.01490078084018831
2022-03-15,178.88999938964844,3795.320068359375,678944.8047123291,99.06999969482422,29.82999992370605,96.44000244140624,2.1600000858306885,-0.024429859836871293
2022-03-16,180.00999450683594,3830.919921875,689603.8740928471,98.37999725341795,26.670000076293945,95.04000091552734,2.187999963760376,0.0156994637951966
2022-03-17,180.88999938964844,3832.570068359375,693273.5973263122,98.01000213623048,25.670000076293945,102.9800033569336,2.191999912261963,0.005321494514938019
2022-03-18,179.3000030517578,3817.919921875,684553.0536435544,98.2300033569336,23.8700008392334,104.6999969482422,2.1480000019073486,-0.012578790994478228
2022-03-21,180.6699981689453,3818.090087890625,689814.3291880675,98.5,23.530000686645508,112.12000274658205,2.315000057220459,0.00768570896953813
2022-03-22,179.36000061035156,3803.75,682240.6023216248,98.48999786376952,22.940000534057617,111.76000213623048,2.372999906539917,-0.010979370166689928
2022-03-23,181.8099975585937,3763.590087890625,684258.304690942,98.62000274658205,23.56999969482422,114.93000030517578,2.321000099182129,0.0029574645109822217
2022-03-24,183.1300048828125,3768.919921875,690202.323695898,98.79000091552734,21.670000076293945,112.33999633789062,2.3410000801086426,0.008686805792792907
2022-03-25,182.3800048828125,3785.919921875,690476.0938374996,98.80999755859376,20.809999465942383,113.9000015258789,2.492000102996826,0.00039665201376837267
2022-03-28,179.05999755859375,3792.909912109375,679158.4396022707,99.08999633789062,19.6299991607666,105.95999908447266,2.476999998092652,-0.01639108773821274
2022-03-29,179.13999938964844,3781.389892578125,677398.1830484681,98.4000015258789,18.89999961853028,104.23999786376952,2.400000095367432,-0.002591820186808702
2022-03-30,180.5800018310547,3760.02001953125,678984.4220117554,97.79000091552734,19.32999992370605,107.81999969482422,2.3580000400543213,0.00234166403598679
2022-03-31,180.6499938964844,3749.389892578125,677327.2612097786,98.30999755859376,20.559999465942383,100.27999877929688,2.32699990272522,-0.0024406462773723936
2022-04-01,179.5,3764.090087890625,675654.1707763672,98.62999725341795,19.6299991607666,99.2699966430664,2.377000093460083,-0.002470135973005272
2022-04-04,180.3699951171875,3747.31005859375,675902.2969711423,98.98999786376952,18.56999969482422,103.27999877929688,2.4119999408721924,0.0003672384564576969
2022-04-05,179.24000549316406,3702.75,663680.9303398132,99.47000122070312,21.030000686645508,101.95999908447266,2.555999994277954,-0.018081558068518966
2022-04-06,179.66000366210938,3731.219970703125,670350.9936006591,99.5999984741211,22.100000381469727,96.2300033569336,2.608999967575073,0.010050105338164084
2022-04-07,180.33999633789065,3745.919921875,675539.1849929692,99.75,21.549999237060547,96.02999877929688,2.6519999504089355,0.007739514734576236
2022-04-08,181.47000122070312,3757.550048828125,681882.6119476929,99.8000030517578,21.15999984741211,98.26000213623048,2.713000059127808,0.009390168765398554
2022-04-11,182.3699951171875,3755.260009765625,684846.7496447265,99.93000030517578,24.3700008392334,94.29000091552734,2.7799999713897705,0.004346991175749437
2022-04-12,183.7700042724609,3740.919921875,687468.8700259029,100.29000091552734,24.26000022888184,100.5999984741211,2.7249999046325684,0.0038287695495913265
2022-04-13,184.6499938964844,3748.469970703125,692154.9572114871,99.87999725341795,21.81999969482422,104.25,2.687000036239624,0.006816435463336212
2022-04-14,184.0399932861328,3720.919921875,684798.0774401128,100.31999969482422,22.700000762939453,106.9499969482422,2.828000068664551,-0.01062894904489775
2022-04-18,184.6100006103516,3721.260009765625,686981.812674109,100.77999877929688,22.170000076293945,108.20999908447266,2.861999988555908,0.0031888746565400528
2022-04-19,181.82000732421875,3730.25,678234.082321167,100.95999908447266,21.3700008392334,102.55999755859376,2.9130001068115234,-0.012733569057514105
2022-04-20,182.7100067138672,3747.25,684660.0726585388,100.38999938964844,20.31999969482422,102.75,2.8399999141693115,0.009474590712663211
2022-04-21,182.0599975585937,3756.85009765625,683972.1196072994,100.58000183105467,22.68000030517578,103.79000091552734,2.9170000553131104,-0.0010048096547649044
2022-04-22,180.2899932861328,3774.3701171875,680481.1630871147,101.22000122070312,28.209999084472656,102.06999969482422,2.9059998989105225,-0.005103945643557983
2022-04-25,177.0500030517578,3854.260009765625,682396.746491272,101.75,27.020000457763672,98.54000091552734,2.825999975204468,0.002815042514133559
2022-04-26,177.32000732421875,3934.75,697709.8988189697,102.3000030517578,33.52000045776367,101.6999969482422,2.7720000743865967,0.022440248149532493
2022-04-27,175.97999572753906,3941.5400390625,693632.1992341429,102.9499969482422,31.600000381469727,102.0199966430664,2.818000078201294,-0.005844405521161833
2022-04-28,176.92999267578125,3960.580078125,700745.4042145014,103.62000274658205,29.989999771118164,105.36000061035156,2.86299991607666,0.010255009770613777
2022-04-29,176.91000366210938,3971.550048828125,702606.9336824343,102.95999908447266,33.400001525878906,104.69000244140624,2.88700008392334,0.002656499003399926
2022-05-02,173.6300048828125,3956.25,686923.706817627,103.73999786376952,32.34000015258789,105.16999816894533,2.996000051498413,-0.022321480351197076
2022-05-03,174.08999633789062,3999.570068359375,696285.1385538206,103.47000122070312,29.25,102.41000366210938,2.9600000381469727,0.013628051620991677
2022-05-04,175.8000030517578,4023.919921875,707405.1345456541,102.58999633789062,25.420000076293945,107.80999755859376,2.9170000553131104,0.015970462926911955
2022-05-05,175.1300048828125,4067.419921875,712327.2707784176,103.75,31.200000762939453,108.26000213623048,3.065999984741211,0.006958015983195898
2022-05-06,175.4199981689453,4089.580078125,717394.1298164427,103.66000366210938,30.190000534057617,109.7699966430664,3.122999906539917,0.007113105514671814
2022-05-09,172.8800048828125,4056.0,701201.2998046875,103.6500015258789,34.75,103.08999633789062,3.0789999961853027,-0.022571734753249806
2022-05-10,171.4199981689453,4085.580078125,700350.129511267,103.91999816894533,32.9900016784668,99.76000213623048,2.993000030517578,-0.0012138743805204522
2022-05-11,172.82000732421875,4080.25,705148.8348846436,103.8499984741211,32.560001373291016,105.70999908447266,2.9210000038146973,0.006851866189737654
2022-05-12,170.1699981689453,4080.25,694336.1350288391,104.8499984741211,31.770000457763672,106.12999725341795,2.816999912261963,-0.015333925720196762
2022-05-13,168.7899932861328,4108.740234375,693514.23657462,104.55999755859376,28.8700008392334,110.48999786376952,2.934999942779541,-0.0011837183933758322
2022-05-16,170.39999389648438,4108.75,700130.9749221802,104.19000244140624,27.46999931335449,114.1999969482422,2.877000093460083,0.00954088322720148
2022-05-17,169.3300018310547,4055.25,686675.4899253845,103.36000061035156,26.100000381469727,112.4000015258789,2.9679999351501465,-0.01921852550273362
2022-05-18,169.4199981689453,4032.580078125,683199.7094520628,103.80999755859376,30.959999084472656,109.58999633789062,2.885999917984009,-0.00506175118278851
2022-05-19,171.91000366210938,4067.219970703125,699195.8000581786,102.72000122070312,29.350000381469727,112.20999908447266,2.8550000190734863,0.02341349152350336
2022-05-20,172.02999877929688,4048.72998046875,696503.0135977417,103.1500015258789,29.43000030517578,113.2300033569336,2.7869999408721924,-0.003851262350564544
2022-05-23,172.8300018310547,3970.25,686178.3147697449,102.08000183105467,28.479999542236328,110.29000091552734,2.858999967575073,-0.014823624056793827
2022-05-24,174.1300048828125,3961.580078125,689829.958347559,101.86000061035156,29.450000762939453,109.7699966430664,2.759999990463257,0.005321712300161208
2022-05-25,173.0800018310547,3976.300048828125,688218.0197319947,102.05999755859376,28.3700008392334,110.33000183105467,2.749000072479248,-0.0023367187754871344
2022-05-26,172.75999450683594,3939.47998046875,680584.5397855714,101.83000183105467,27.5,114.08999633789062,2.75600004196167,-0.011091659514227747
2022-05-27,172.85000610351562,3923.75,678220.2114486694,101.66999816894533,25.71999931335449,115.06999969482422,2.743000030517578,-0.0034739671542448614
2022-05-31,171.13999938964844,3930.159912109375,672607.5649596192,101.75,26.190000534057617,114.66999816894533,2.844000101089477,-0.008275551796166125
2022-06-01,172.22999572753906,3974.739990234375,684569.4515361451,102.5500030517578,25.690000534057617,115.26000213623048,2.930999994277954,0.017784347366423203
2022-06-02,174.35000610351562,3858.419921875,672715.5369288325,101.7699966430664,24.71999931335449,116.87000274658205,2.9130001068115234,-0.017315868507881582
2022-06-03,172.5800018310547,3777.25,651877.8119163513,102.13999938964844,24.790000915527344,118.87000274658205,2.9570000171661377,-0.030975537011694865
2022-06-06,171.82000732421875,3779.610107421875,649412.6363399178,102.44000244140624,25.06999969482422,118.5,3.0380001068115234,-0.00378165283642129
2022-06-07,172.94000244140625,3791.419921875,655688.1705454588,102.31999969482422,24.020000457763672,119.41000366210938,2.9719998836517334,0.009663400208702155
2022-06-08,172.77999877929688,3788.080078125,654504.4712743163,102.54000091552734,23.959999084472656,122.11000061035156,3.0290000438690186,-0.0018052777590265023
2022-06-09,172.22999572753906,3796.89990234375,653940.0539585575,103.22000122070312,26.09000015258789,121.51000213623048,3.0439999103546143,-0.0008623582275303354
2022-06-10,174.5399932861328,3848.02001953125,671633.388373889,104.1500015258789,27.75,120.66999816894533,3.1559998989105225,0.02705650817414651
2022-06-13,169.92999267578125,3942.64990234375,669974.4690284431,105.08000183105467,34.02000045776367,120.93000030517578,3.365999937057495,-0.002469977482004615
2022-06-14,168.57000732421875,3989.580078125,672523.5429900885,105.5199966430664,32.689998626708984,118.93000030517578,3.4830000400543213,0.0038047329853359013
2022-06-15,170.77000427246094,3964.85009765625,677077.468116425,105.16000366210938,29.6200008392334,115.30999755859376,3.3949999809265137,0.0067713988213549126
2022-06-16,172.69000244140625,3904.97998046875,674351.002360791,103.62999725341795,32.95000076293945,117.58999633789062,3.306999921798706,-0.00402681507511804
2022-06-17,171.27000427246094,3896.760009765625,667398.1035213135,104.6999969482422,31.1299991607666,109.55999755859376,3.239000082015991,-0.010310504196088588
2022-06-21,170.6300048828125,3904.0400390625,666146.3709279299,104.44000244140624,30.190000534057617,110.6500015258789,3.306999921798706,-0.0018755411302179281
2022-06-22,171.30999755859375,3981.25,682027.9277801514,104.1999969482422,28.950000762939453,106.19000244140624,3.1559998989105225,0.023840941788962677
2022-06-23,170.25999450683594,4016.75,683891.8329353333,104.43000030517578,29.049999237060547,104.2699966430664,3.068000078201294,0.002732886850027594
2022-06-24,170.08999633789062,4078.590087890625,693727.3731130734,104.19000244140624,27.229999542236328,107.62000274658205,3.125,0.014381719014723515
2022-06-27,169.89999389648438,4138.75,703173.5997390747,103.94000244140624,26.950000762939453,109.56999969482422,3.194000005722046,0.013616626634771256
2022-06-28,169.6199951171875,4131.080078125,700713.782680273,104.51000213623048,28.36000061035156,111.76000213623048,3.2060000896453857,-0.003498164691783656
2022-06-29,169.49000549316406,4106.81005859375,696063.2593904361,105.11000061035156,28.15999984741211,109.77999877929688,3.0929999351501465,-0.006636837186287936
2022-06-30,168.4600067138672,4107.52001953125,691952.8500675783,104.69000244140624,28.709999084472656,105.76000213623048,2.9719998836517334,-0.0059052237959772436
2022-07-01,168.32000732421875,4149.6201171875,698464.0885177255,105.13999938964844,26.700000762939453,108.43000030517578,2.888999938964844,0.00940994527229888
2022-07-05,164.75,4203.2998046875,692493.6428222656,106.5,27.540000915527344,99.5,2.809000015258789,-0.008547963730147212
2022-07-06,162.13999938964844,4253.009765625,689583.0008026063,107.0999984741211,26.729999542236328,98.52999877929688,2.9130001068115234,-0.0042031317541009194
2022-07-07,162.22999572753906,4327.5400390625,702056.8020478636,107.12999725341795,26.07999992370605,102.7300033569336,3.007999897003174,0.018088904788457594
2022-07-08,162.3000030517578,4379.22998046875,710749.0391944274,107.01000213623048,24.63999938964844,104.79000091552734,3.1010000705718994,0.012381102385460752
2022-07-11,161.42999267578125,4418.75,713318.7801361084,108.0199966430664,26.170000076293945,104.08999633789062,2.990999937057495,0.003615539100261911
2022-07-12,160.8300018310547,4577.1298828125,736139.8074337095,108.06999969482422,27.290000915527344,95.83999633789062,2.9579999446868896,0.03199274704816646
2022-07-13,161.60000610351562,4606.91015625,744476.7093683481,107.95999908447266,26.81999969482422,96.3000030517578,2.9040000438690186,0.011325161131690908
2022-07-14,159.3300018310547,4533.16015625,722268.4159957767,108.54000091552734,26.39999961853028,95.77999877929688,2.9600000381469727,-0.029830742981085456
2022-07-15,159.00999450683594,4490.25,713994.6278343201,108.05999755859376,24.229999542236328,97.58999633789062,2.930000066757202,-0.01145528169060206
2022-07-18,159.16000366210938,4357.25,693499.9259567261,107.37000274658205,25.299999237060547,102.5999984741211,2.9600000381469727,-0.02870428022653093
2022-07-19,159.5399932861328,4321.52978515625,689456.8329096511,106.68000030517578,24.5,104.22000122070312,3.0190000534057617,-0.005829983386800297
2022-07-20,158.0399932861328,4315.39990234375,682005.7715933844,107.08000183105467,23.8799991607666,102.26000213623048,3.0360000133514404,-0.01080714696063223
2022-07-21,160.27000427246094,4354.25,697855.666103363,106.91000366210938,23.11000061035156,96.3499984741211,2.9100000858306885,0.023240117855525044
2022-07-22,160.6699981689453,4400.64013671875,707050.8427087888,106.7300033569336,23.030000686645508,94.6999969482422,2.782999992370605,0.013176330080930887
2022-07-25,160.22999572753906,4463.25,715146.5284309387,106.4800033569336,23.36000061035156,96.6999969482422,2.819999933242798,0.011449934337302237
2022-07-26,160.0399932861328,4466.0498046875,714746.5807577223,107.19000244140624,24.690000534057617,94.9800033569336,2.7869999408721924,-0.0005592527647361178
2022-07-27,161.6699981689453,4449.85986328125,719408.8359487429,106.4499969482422,23.239999771118164,97.26000213623048,2.733999967575073,0.006522948575812926
2022-07-28,163.63999938964844,4427.89013671875,724579.9392700866,106.3499984741211,22.32999992370605,96.41999816894533,2.680999994277954,0.0071879897256532654
2022-07-29,164.10000610351562,4373.580078125,717704.5175145268,105.9000015258789,21.32999992370605,98.62000274658205,2.6419999599456787,-0.009488838129421251
2022-08-01,165.02999877929688,4285.25,707194.8022689819,105.4499969482422,22.84000015258789,93.88999938964844,2.6059999465942383,-0.014643512739673126
2022-08-02,164.0500030517578,4257.580078125,698456.0248095095,106.23999786376952,23.93000030517578,94.41999816894533,2.740999937057495,-0.012356959399920209
2022-08-03,164.4499969482422,4305.7099609375,708073.9899361879,106.51000213623048,21.950000762939453,90.66000366210938,2.747999906539917,0.013770323091280456
2022-08-04,167.1699981689453,4311.31982421875,720723.3271203861,105.69000244140624,21.440000534057617,88.54000091552734,2.6760001182556152,0.017864428525807163
2022-08-05,165.2899932861328,4304.25,711449.4536018372,106.62000274658205,21.14999961853028,89.01000213623047,2.8399999141693115,-0.012867452973392979
2022-08-08,166.69000244140625,4343.35009765625,723993.0383822024,106.44000244140624,21.290000915527344,90.76000213623048,2.765000104904175,0.017631027358108398
2022-08-09,167.1999969482422,4310.490234375,720713.9540329278,106.37000274658205,21.770000457763672,90.5,2.796999931335449,-0.004529165579550187
2022-08-10,166.77999877929688,4335.25,723032.9897079468,105.1999969482422,19.739999771118164,91.93000030517578,2.7860000133514404,0.003217692209291023
2022-08-11,166.33999633789062,4270.58984375,710369.8989700079,105.08999633789062,20.200000762939453,94.33999633789062,2.888000011444092,-0.01751384918557297
2022-08-12,167.8699951171875,4231.25,710299.9168395996,105.62999725341795,19.530000686645508,92.08999633789062,2.8489999771118164,-9.851505604296928e-05
2022-08-15,165.7100067138672,4160.259765625,689396.6736931503,106.5500030517578,19.950000762939453,89.41000366210938,2.79099988937378,-0.029428756291364877
2022-08-16,165.4199981689453,4159.919921875,688133.9458595216,106.5,19.690000534057617,86.52999877929688,2.8239998817443848,-0.0018316419005390827
2022-08-17,164.35000610351562,4237.580078125,696446.31170398,106.56999969482422,19.89999961853028,88.11000061035156,2.8929998874664307,0.012079575342087923
2022-08-18,163.9199981689453,4342.7998046875,711871.7360324711,107.4800033569336,19.559999465942383,90.5,2.880000114440918,0.022148763040685804
2022-08-19,162.72000122070312,4394.919921875,715141.3750523925,108.16999816894533,20.600000381469727,90.7699966430664,2.989000082015991,0.004593017048470482
2022-08-22,161.63999938964844,4375.25,707215.4073295593,109.0500030517578,23.799999237060547,90.2300033569336,3.0369999408721924,-0.011083078114802802
2022-08-23,162.77000427246094,4398.56982421875,715955.2290808037,108.62000274658205,24.11000061035156,93.73999786376952,3.053999900817871,0.012358075998719853
2022-08-24,163.25,4362.419921875,712165.0522460938,108.68000030517578,22.81999969482422,94.88999938964844,3.1059999465942383,-0.005293874087037631
2022-08-25,163.75,4390.580078125,718957.4877929688,108.47000122070312,21.780000686645508,92.5199966430664,3.026000022888184,0.009537726578203065
2022-08-26,161.75999450683594,4392.18017578125,710479.0411074087,108.8000030517578,25.559999465942383,93.05999755859376,3.0350000858306885,-0.011792695436814937
2022-08-29,161.86000061035156,4399.35986328125,712080.3901558593,108.83999633789062,26.209999084472656,97.01000213623048,3.109999895095825,0.0022539004753110436
2022-08-30,160.50999450683594,4375.580078125,702324.3343040645,108.7699966430664,26.209999084472656,91.63999938964844,3.109999895095825,-0.013700778713565454
2022-08-31,159.27000427246094,4411.919921875,702686.5048067868,108.6999969482422,25.8700008392334,89.55000305175781,3.132999897003174,0.0005156741480147886
2022-09-01,157.8699951171875,4419.919921875,697772.736484766,109.69000244140624,25.559999465942383,86.61000061035156,3.265000104904175,-0.006992831495137186
2022-09-02,159.25999450683594,4478.75,713285.7003974915,109.52999877929688,25.46999931335449,86.87000274658203,3.193000078201294,0.0222321152742031
2022-09-06,158.3300018310547,4461.580078125,706401.9819389284,110.20999908447266,26.90999984741211,86.87999725341797,3.3399999141693115,-0.009650717033478973
2022-09-07,159.94000244140625,4600.0,735724.0112304688,109.83999633789062,24.63999938964844,81.94000244140625,3.265000104904175,0.04150898502727496
2022-09-08,158.97999572753906,4398.5498046875,699281.4291565865,109.70999908447266,23.61000061035156,83.54000091552734,3.2920000553131104,-0.04953295191893148
2022-09-09,159.82000732421875,4396.0,702568.7521972656,109.0,22.790000915527344,86.79000091552734,3.321000099182129,0.004701001490406975
2022-09-12,160.6300048828125,4351.25,698941.3087463379,108.33000183105467,23.8700008392334,87.77999877929688,3.361999988555908,-0.005163115267485252
2022-09-13,158.5399932861328,4359.5,691155.100730896,109.81999969482422,27.270000457763672,87.30999755859375,3.421999931335449,-0.011140002626841006
2022-09-14,157.92999267578125,4410.75,696589.7151947021,109.66000366210938,26.15999984741211,88.4800033569336,3.4119999408721924,0.007863089569995374
2022-09-15,154.97999572753906,4390.75,680478.4162406921,109.73999786376952,26.270000457763672,85.0999984741211,3.4590001106262207,-0.02312882117346049
2022-09-16,155.83999633789062,4416.33984375,688242.3850768805,109.76000213623048,26.299999237060547,85.11000061035156,3.447999954223633,0.01140957398631448
2022-09-19,155.9600067138672,4433.4501953125,691440.9222265333,109.73999786376952,25.76000022888184,85.7300033569336,3.490000009536743,0.004647399257887264
2022-09-20,155.07000732421875,4405.25,683122.1497650146,110.22000122070312,27.15999984741211,84.44999694824219,3.571000099182129,-0.012031067578023968
2022-09-21,155.7899932861328,4424.5,689292.8252944946,110.63999938964844,27.989999771118164,82.94000244140625,3.509999990463257,0.009033048528147791
2022-09-22,155.6999969482422,4406.25,686053.1115531921,111.3499984741211,27.350000381469727,83.48999786376953,3.7079999446868896,-0.004700054349061844
2022-09-23,153.00999450683594,4363.35009765625,667636.1744737849,113.19000244140624,29.920000076293945,78.73999786376953,3.697000026702881,-0.026844768676454467
2022-09-26,151.22999572753906,4436.759765625,670971.160399586,114.0999984741211,32.2599983215332,76.70999908447266,3.878000020980835,0.00499521453946028
2022-09-27,151.5399932861328,4539.85986328125,687970.3332016245,114.11000061035156,32.599998474121094,78.5,3.96399998664856,0.02533517654009887
2022-09-28,154.69000244140625,4552.259765625,704189.0742584467,112.5999984741211,30.18000030517578,82.1500015258789,3.704999923706055,0.02357476808824699
2022-09-29,154.66000366210938,4488.259765625,694154.2717880607,112.25,31.84000015258789,81.2300033569336,3.746999979019165,-0.014250153598241
2022-09-30,154.6699981689453,4526.9501953125,700183.378419891,112.12000274658205,31.6200008392334,79.48999786376953,3.803999900817871,0.00868554279195033
2022-10-03,158.42999267578125,4608.259765625,730086.5609160662,111.75,30.100000381469727,83.62999725341797,3.651000022888184,0.04270764405127392
2022-10-04,160.6999969482422,4528.27001953125,727692.9783194885,110.06999969482422,29.06999969482422,86.5199966430664,3.617000102996826,-0.00327849151691606
2022-10-05,159.80999755859375,4494.759765625,718307.5471709967,111.06999969482422,28.549999237060547,87.76000213623047,3.759000062942505,-0.01289751506214365
2022-10-06,159.6300048828125,4462.15283203125,712293.4783650041,112.26000213623048,30.520000457763672,88.44999694824219,3.825999975204468,-0.008372554109557395
2022-10-07,157.8800048828125,4611.759765625,728104.6543152332,112.8000030517578,31.36000061035156,92.63999938964844,3.882999897003174,0.022197558212272428
2022-10-10,155.47999572753906,4618.259765625,718047.0086280406,113.13999938964844,32.45000076293945,91.12999725341795,3.888000011444092,-0.013813461605532096
2022-10-11,155.16000366210938,4604.27978515625,714400.0683262199,113.22000122070312,33.630001068115234,89.3499984741211,3.938999891281128,-0.005078971513005515
2022-10-12,155.99000549316406,4605.509765625,718413.4936386645,113.31999969482422,33.56999969482422,87.2699966430664,3.901999950408936,0.005617896036667069
2022-10-13,154.91000366210938,4606.16015625,713540.2866729498,112.36000061035156,31.940000534057617,89.11000061035156,3.95199990272522,-0.006783289858647512
2022-10-14,152.97999572753906,4573.9599609375,699724.3752821535,113.30999755859376,32.02000045776367,85.61000061035156,4.010000228881836,-0.01936248260797757
2022-10-17,153.4199981689453,4696.259765625,720500.164643079,112.04000091552734,31.3700008392334,85.45999908447266,4.014999866485596,0.029691390059904732
2022-10-18,153.75,4733.259765625,727738.6889648438,112.12999725341795,30.5,82.81999969482422,3.997999906539917,0.010046526950275636
2022-10-19,151.69000244140625,4760.35986328125,722098.9992831051,112.9800033569336,30.76000022888184,85.55000305175781,4.126999855041504,-0.0077496081591603705
2022-10-20,151.4499969482422,4838.259765625,732754.4267387092,112.87999725341795,29.979999542236328,85.9800033569336,4.22599983215332,0.01475618643175336
2022-10-21,154.14999389648438,4902.25,755681.8075790405,112.01000213623048,29.690000534057617,85.05000305175781,4.2129998207092285,0.03128931058441342
2022-10-24,153.64999389648438,4916.35009765625,755397.1624978632,111.98999786376952,29.850000381469727,84.58000183105469,4.234000205993652,-0.00037667319541445643
2022-10-25,154.0,4988.25,768190.5,110.9499969482422,28.459999084472656,85.31999969482422,4.107999801635742,0.01693590886657992
2022-10-26,154.97999572753906,4973.4501953125,770785.2900206596,109.6999969482422,27.280000686645508,87.91000366210938,4.014999866485596,0.003377794987909244
2022-10-27,154.74000549316406,4882.31982421875,755490.1964189932,110.58999633789062,27.38999938964844,89.08000183105469,3.937000036239624,-0.01984352036772319
2022-10-28,153.16000366210938,4798.259765625,734901.4832748771,110.66999816894533,25.75,87.9000015258789,4.010000228881836,-0.027252124834585723
2022-10-31,151.91000366210938,4833.259765625,734220.5086960196,111.52999877929688,25.8799991607666,86.52999877929688,4.077000141143799,-0.0009266202264592849
2022-11-01,153.4600067138672,4937.0,757632.0531463623,111.4800033569336,25.809999465942383,88.37000274658203,4.052000045776367,0.03188625783815513
2022-11-02,152.38999938964844,5002.25,762292.8744468689,111.3499984741211,25.86000061035156,90.0,4.059000015258789,0.0061518269734639475
2022-11-03,151.80999755859375,5001.27978515625,759244.2719744146,112.93000030517578,25.299999237060547,88.16999816894531,4.124000072479248,-0.003999253534498037
2022-11-04,156.47000122070312,5067.10986328125,792850.686493054,110.87999725341795,24.549999237060547,92.61000061035156,4.156000137329102,0.04426298064948986
2022-11-07,155.85000610351562,4959.29443359375,772906.067744717,110.12000274658205,24.350000381469727,91.79000091552734,4.214000225067139,-0.025155579843862297
2022-11-08,159.4499969482422,5106.0,814151.6844177246,109.62000274658205,25.540000915527344,88.91000366210938,4.125999927520752,0.053364332865647235
2022-11-09,158.64999389648438,4972.25,788847.4321517944,110.5500030517578,26.09000015258789,85.83000183105469,4.151000022888184,-0.031080513312488733
2022-11-10,163.47999572753906,4894.81005859375,800203.5274660215,108.20999908447266,23.530000686645508,86.47000122070312,3.828999996185303,0.014395806909392128
2022-11-11,164.55999755859375,4801.169921875,790080.5106221437,106.29000091552734,22.520000457763672,88.95999908447266,3.812999963760376,-0.012650552636194856
2022-11-14,164.9199981689453,4716.70263671875,777878.5902111158,106.66000366210938,23.729999542236328,85.87000274658203,3.865000009536743,-0.015443894953717674
2022-11-15,165.5,4803.56005859375,794989.1896972656,106.4000015258789,24.540000915527344,86.91999816894531,3.799000024795532,0.021996491099602222
2022-11-16,165.1199951171875,4843.93017578125,799829.7269729972,106.27999877929688,24.11000061035156,85.58999633789062,3.691999912261963,0.006088808927797951
2022-11-17,163.9199981689453,4938.81005859375,809569.7357614562,106.69000244140624,23.93000030517578,81.63999938964844,3.775000095367432,0.012177602882204264
2022-11-18,162.7899932861328,4999.169921875,813814.8380182683,106.93000030517578,23.1200008392334,80.08000183105469,3.818000078201294,0.005243652361608175
2022-11-21,161.8800048828125,4987.080078125,807308.547397852,107.83999633789062,22.36000061035156,79.7300033569336,3.825000047683716,-0.007994804612139972
2022-11-22,162.07000732421875,4946.25,801638.773727417,107.22000122070312,21.290000915527344,80.94999694824219,3.757999897003174,-0.007023056659947402
2022-11-23,163.0800018310547,4905.009765625,799909.0015594661,106.08000183105467,20.350000381469727,77.94000244140625,3.7060000896453857,-0.0021577950376674426
2022-11-25,163.22000122070312,4899.81005859375,799747.0037448853,105.95999908447266,20.5,76.27999877929688,3.690999984741211,-0.0002025203045158408
2022-11-28,161.92999267578125,4863.81982421875,787598.3085120618,106.68000030517578,22.209999084472656,77.23999786376953,3.703000068664551,-0.01519067302026289
2022-11-29,162.72999572753906,4833.33984375,786529.3721231818,106.81999969482422,21.88999938964844,78.19999694824219,3.747999906539917,-0.0013572101124740277
2022-11-30,164.80999755859375,4809.33984375,792627.2879068851,105.9499969482422,20.57999992370605,80.55000305175781,3.703000068664551,0.0077529409578722674
2022-12-01,167.83999633789062,4828.2998046875,810381.821536988,104.7300033569336,19.84000015258789,81.22000122070312,3.5290000438690186,0.022399599283274396
2022-12-02,167.25999450683594,4785.580078125,800436.097579211,104.5500030517578,19.059999465942383,79.9800033569336,3.50600004196167,-0.012272886303043795
2022-12-05,164.38999938964844,4771.85009765625,784444.4346412048,105.29000091552734,20.75,76.93000030517578,3.5989999771118164,-0.01997868785074841
2022-12-06,164.83999633789062,4823.3701171875,795084.3124534786,105.58000183105467,22.170000076293945,74.25,3.513000011444092,0.013563583782884914
2022-12-07,166.3300018310547,4831.009765625,803541.8631622493,105.0999984741211,22.68000030517578,72.01000213623047,3.407999992370605,0.010637300442606357
2022-12-08,166.47000122070312,4820.22998046875,802423.6907327026,104.7699966430664,22.290000915527344,71.45999908447266,3.490999937057495,-0.0013915546666681822
2022-12-09,167.05999755859375,4820.580078125,805326.0960825682,104.80999755859376,22.82999992370605,71.0199966430664,3.566999912261963,0.003617048428885994
2022-12-12,165.67999267578125,4778.45751953125,791694.8068374693,105.12999725341795,25.0,73.16999816894531,3.611000061035156,-0.016926421869857378
2022-12-13,168.50999450683594,4844.1298828125,816284.2999431342,103.9800033569336,22.549999237060547,75.38999938964844,3.500999927520752,0.031059308326008672
2022-12-14,168.10000610351562,4762.580078125,800589.7402012944,103.7699966430664,21.13999938964844,77.27999877929688,3.503000020980835,-0.019226830337093492
2022-12-15,165.35000610351562,4776.580078125,789807.5450718999,104.55999755859376,22.82999992370605,76.11000061035156,3.450000047683716,-0.013467815771263214
2022-12-16,166.7899932861328,4790.919921875,799077.5016039312,104.6999969482422,22.6200008392334,74.29000091552734,3.4820001125335693,0.011736981483492226
2022-12-19,166.32000732421875,4762.96044921875,792175.6167990267,104.72000122070312,22.420000076293945,75.19000244140625,3.5810000896453857,-0.008637315893703423
2022-12-20,169.0800018310547,4774.25,807230.1987419128,103.97000122070312,21.479999542236328,76.08999633789062,3.684000015258789,0.019004096596304976
2022-12-21,168.8000030517578,4763.9599609375,804156.455944702,104.16000366210938,20.06999969482422,78.29000091552734,3.684000015258789,-0.003807764875498054
2022-12-22,166.75999450683594,4762.97021484375,794272.8868635669,104.43000030517578,21.96999931335449,77.48999786376953,3.6689999103546143,-0.012290604655438742
2022-12-23,167.25999450683594,4757.25,795697.6088676453,104.30999755859376,20.8700008392334,79.55999755859375,3.750999927520752,0.0017937437216373198
2022-12-27,168.6699981689453,4727.580078125,797400.9231208861,104.18000030517578,21.64999961853028,79.52999877929688,3.859999895095825,0.002140655236685607
2022-12-28,167.91000366210938,4761.25,799461.5049362183,104.45999908447266,22.13999938964844,78.95999908447266,3.88700008392334,0.0025841226860729982
2022-12-29,168.85000610351562,4771.740234375,805708.3676986098,103.83999633789062,21.440000534057617,78.4000015258789,3.8350000381469727,0.00781383809454339
2022-12-30,169.63999938964844,4848.1298828125,822436.7503612489,103.5199966430664,21.670000076293945,80.26000213623047,3.878999948501587,0.02076232956401003
2023-01-03,171.05999755859375,4846.25,828999.513168335,104.5199966430664,22.89999961853028,76.93000030517578,3.7929999828338623,0.007979656556207582
2023-01-04,172.6699981689453,4860.259765625,839221.0448310673,104.25,22.01000022888184,72.83999633789062,3.7090001106262207,0.012329960995594469
2023-01-05,170.52000427246094,4928.8798828125,840472.6186756343,105.04000091552734,22.459999084472656,73.66999816894531,3.7200000286102295,0.0014913518342700716
2023-01-06,173.7100067138672,4963.43017578125,862197.4891587719,103.87999725341795,21.1299991607666,73.7699966430664,3.569000005722046,0.02584839767578684
2023-01-09,174.10000610351562,4858.25,845821.3546524048,103.0,21.96999931335449,74.62999725341797,3.5169999599456787,-0.01899348433772985
2023-01-10,174.74000549316406,4848.7900390625,847277.5980609804,103.23999786376952,20.57999992370605,75.12000274658203,3.621000051498413,0.0017216914666029481
2023-01-11,174.6199951171875,4783.75,835338.4016418457,103.19000244140624,21.09000015258789,77.41000366210938,3.553999900817871,-0.0140912452382288
2023-01-12,176.63999938964844,4730.75,835639.6771125793,102.25,18.82999992370605,78.38999938964844,3.4489998817443848,0.0003606627806664875
2023-01-13,178.75999450683594,4695.009765625,839279.9199126661,102.1999969482422,18.350000381469727,79.86000061035156,3.510999917984009,0.004356234989541186
2023-01-17,177.58999633789062,4688.1298828125,832564.9687202275,102.38999938964844,19.36000061035156,80.18000030517578,3.5350000858306885,-0.008000848147465933
2023-01-18,177.0800018310547,4719.4501953125,835720.2492275089,102.36000061035156,20.34000015258789,79.4800033569336,3.375,0.003789830975150954
2023-01-19,179.88999938964844,4701.72998046875,845794.2033168152,102.05999755859376,20.520000457763672,80.33000183105469,3.3970000743865967,0.012054218021662289
2023-01-20,179.2899932861328,4667.4501953125,836827.1141809374,102.01000213623048,19.850000381469727,81.30999755859375,3.483999967575073,-0.010601975162176536
2023-01-23,179.6300048828125,4646.830078125,834710.1096231937,102.13999938964844,19.809999465942383,81.62000274658203,3.525000095367432,-0.002529799192531823
2023-01-24,180.27999877929688,4544.75,819327.5244522095,101.91999816894533,19.200000762939453,80.12999725341797,3.469000101089477,-0.018428655641811176
2023-01-25,181.1100006103516,4515.1298828125,817735.1758319886,101.63999938964844,19.07999992370605,80.1500015258789,3.461999893188477,-0.0019434823958655034
2023-01-26,179.47000122070312,4544.2001953125,815547.6145998538,101.83999633789062,18.729999542236328,81.01000213623047,3.493000030517578,-0.002675146302602349
2023-01-27,179.22000122070312,4519.10009765625,809913.1250184327,101.93000030517578,18.51000022888184,79.68000030517578,3.5179998874664307,-0.0069088419615886965
2023-01-30,178.75999450683594,4483.9287109375,801547.0717362314,102.27999877929688,19.940000534057617,77.9000015258789,3.5510001182556152,-0.010329568720115367
2023-01-31,179.41000366210938,4600.43017578125,825363.1946841925,102.0999984741211,19.39999961853028,78.87000274658203,3.5290000438690186,0.029712694098392722
2023-02-01,181.6699981689453,4658.490234375,846307.9123489559,101.22000122070312,17.8700008392334,76.41000366210938,3.3970000743865967,0.025376364974424748
2023-02-02,177.89999389648438,4605.27978515625,819279.2456708997,101.75,18.729999542236328,75.87999725341797,3.3959999084472656,-0.031937154649821387
2023-02-03,173.4600067138672,4585.25,795357.4957847595,102.91999816894533,18.32999992370605,73.38999938964844,3.532000064849853,-0.029198530308858217
2023-02-06,173.82000732421875,4583.46044921875,796697.1288534701,103.62000274658205,19.43000030517578,74.11000061035156,3.634000062942505,0.0016843156389552139
2023-02-07,173.97999572753906,4739.31982421875,824546.8427690193,103.43000030517578,18.65999984741211,77.13999938964844,3.674000024795532,0.034956463261801796
2023-02-08,174.41000366210938,4745.77978515625,827711.4697086662,103.41000366210938,19.6299991607666,78.47000122070312,3.6530001163482666,0.0038380195951261964
2023-02-09,173.02999877929688,4768.52978515625,825098.7029046267,103.22000122070312,20.709999084472656,78.05999755859375,3.683000087738037,-0.0031566154386614143
2023-02-10,173.36000061035156,4749.1298828125,823309.1593830138,103.62999725341795,20.530000686645508,79.72000122070312,3.74399995803833,-0.002168884177508823
2023-02-13,172.47999572753906,4696.2861328125,810015.412122801,103.3499984741211,20.34000015258789,80.13999938964844,3.7170000076293945,-0.016146725818251828
2023-02-14,172.61000061035156,4813.0498046875,830780.5297247618,103.2300033569336,18.90999984741211,79.05999755859375,3.760999917984009,0.02563545988284588
2023-02-15,170.88999938964844,4772.0,815487.0770874023,103.91999816894533,18.229999542236328,78.58999633789062,3.809000015258789,-0.01840853521498176
2023-02-16,170.75,4822.18994140625,823388.9324951172,103.86000061035156,20.170000076293945,78.48999786376953,3.8429999351501465,0.009689737127333897
2023-02-17,171.25999450683594,4923.2998046875,843164.2975062877,103.86000061035156,20.020000457763672,76.33999633789062,3.828000068664551,0.024017040101869114
2023-02-21,170.6199951171875,4909.580078125,837672.5289571285,104.18000030517578,22.8700008392334,76.16000366210938,3.954999923706055,-0.006513284024716737
2023-02-22,169.66000366210938,4967.5,842786.0681915283,104.58999633789062,22.290000915527344,73.94999694824219,3.92300009727478,0.006104460941038559
2023-02-23,169.57000732421875,4894.43017578125,829948.5607551038,104.5999984741211,21.13999938964844,75.38999938964844,3.878999948501587,-0.015232225497001317
2023-02-24,168.35000610351562,4875.02001953125,820709.6500428468,105.20999908447266,21.670000076293945,76.31999969482422,3.9489998817443848,-0.011131907625517523
2023-02-27,169.00999450683594,4808.08642578125,812614.6604096815,104.66999816894533,20.950000762939453,75.68000030517578,3.921999931335449,-0.009863402523343945
2023-02-28,169.77999877929688,4777.259765625,811083.1571761966,104.87000274658205,20.700000762939453,77.05000305175781,3.9159998893737793,-0.0018846610922731433
2023-03-01,170.75999450683594,4808.0,821014.0535888672,104.4800033569336,20.57999992370605,77.69000244140625,3.99399995803833,0.012243992893706812
2023-03-02,170.66000366210938,4846.52978515625,827108.7908832878,105.02999877929688,19.59000015258789,78.16000366210938,4.072999954223633,0.007423426271181199
2023-03-03,172.49000549316406,4818.080078125,831070.6591422856,104.5199966430664,18.489999771118164,79.68000030517578,3.96399998664856,0.004790020735684353
2023-03-06,171.6199951171875,4786.8798828125,821524.3021148443,104.3499984741211,18.61000061035156,80.45999908447266,3.983000040054321,-0.011486817543641448
2023-03-07,168.6199951171875,4730.259765625,797616.378582716,105.62000274658205,19.59000015258789,77.58000183105469,3.974999904632568,-0.029101906627207907
2023-03-08,168.5399932861328,4759.25,802123.9630470276,105.66000366210938,19.11000061035156,76.66000366210938,3.9760000705718994,0.00565131883615666
2023-03-09,170.1999969482422,4749.18994140625,808312.1135339662,105.30999755859376,22.61000061035156,75.72000122070312,3.924999952316284,0.007714705920805143
2023-03-10,173.8699951171875,4745.759765625,825145.2272765636,104.58000183105467,24.799999237060547,76.68000030517578,3.694999933242798,0.02082501729313746
2023-03-13,177.86000061035156,4675.8447265625,831645.7459203154,103.5999984741211,26.520000457763672,74.80000305175781,3.515000104904175,0.007878029744178505
2023-03-14,176.8300018310547,4763.75,842373.9212226868,103.5999984741211,23.729999542236328,71.33000183105469,3.638000011444092,0.012899934082509334
2023-03-15,178.2100067138672,4742.85009765625,845223.347746186,104.6500015258789,26.13999938964844,67.61000061035156,3.492000102996826,0.003382614836132669
2023-03-16,178.57000732421875,4847.0,865528.8255004883,104.41999816894533,22.989999771118164,68.3499984741211,3.5850000381469727,0.024023801292815117
2023-03-17,183.7700042724609,4849.25,891146.6932182311,103.70999908447266,25.51000022888184,66.73999786376953,3.3949999809265137,0.029597937079599124
2023-03-20,183.83999633789065,4718.333984375,867418.502408445,103.27999877929688,24.14999961853028,67.63999938964844,3.4809999465942383,-0.026626582346499617
2023-03-21,180.3699951171875,4815.22998046875,868523.0080652833,103.26000213623048,21.3799991607666,69.33000183105469,3.6059999465942383,0.0012733249910759081
2023-03-22,183.44000244140625,4811.68017578125,882654.6231925786,102.3499984741211,22.26000022888184,70.9000015258789,3.5,0.016270858683150813
2023-03-23,185.7400054931641,4771.25,886212.0012092591,102.52999877929688,22.61000061035156,69.95999908447266,3.4059998989105225,0.0040303170948263745
2023-03-24,183.6499938964844,4754.75,873209.8084793092,103.12000274658205,21.739999771118164,69.26000213623047,3.380000114440918,-0.014671650476644538
2023-03-27,181.9499969482422,4752.6201171875,864739.21581842,102.86000061035156,20.600000381469727,72.80999755859375,3.5280001163482666,-0.009700523950413098
2023-03-28,183.44000244140625,4675.25,857627.8714141846,102.43000030517578,19.96999931335449,73.19999694824219,3.563999891281128,-0.008223686718665912
2023-03-29,182.52999877929688,4658.52978515625,850321.4359978884,102.63999938964844,19.1200008392334,72.97000122070312,3.565999984741211,-0.008519353976041089
2023-03-30,184.17999267578125,4634.25,853536.1310577393,102.13999938964844,19.020000457763672,74.37000274658203,3.5510001182556152,0.0037805645297865897
2023-03-31,183.22000122070312,4643.25,850736.2706680298,102.51000213623048,18.700000762939453,75.66999816894531,3.49399995803833,-0.003280306817521339
2023-04-03,184.5399932861328,4661.509765625,860234.98085168,102.08999633789062,18.549999237060547,80.41999816894531,3.430000066757202,0.011165281781381653
2023-04-04,187.97999572753903,4604.68994140625,865589.5955121889,101.58999633789062,19.0,80.70999908447266,3.336999893188477,0.006224595348595763
2023-04-05,187.8300018310547,4589.64990234375,862073.9495611265,101.8499984741211,19.07999992370605,80.61000061035156,3.2869999408721924,-0.0040615621644366495
2023-04-06,186.4900054931641,4583.25,854730.3176765443,101.81999969482422,18.39999961853028,80.69999694824219,3.2880001068115234,-0.008518563736116591
2023-04-10,185.1100006103516,4569.22021484375,845808.3567585574,102.58000183105467,18.96999931335449,79.73999786376953,3.414999961853028,-0.010438334447103625
2023-04-11,186.27999877929688,4557.5,848971.0944366455,102.1999969482422,19.100000381469727,81.52999877929688,3.434000015258789,0.0037393076727321173
2023-04-12,187.19000244140625,4510.56982421875,844333.5764076412,101.5,19.09000015258789,83.26000213623047,3.4210000038146973,-0.005462515814018021
2023-04-13,189.72000122070312,4449.25,844111.7154312134,101.01000213623048,17.799999237060547,82.16000366210938,3.45199990272522,-0.00026276460231722254
2023-04-14,186.3600006103516,4417.97998046875,823334.7518566774,101.5500030517578,17.06999969482422,82.5199966430664,3.5220000743865967,-0.024613997406637278
2023-04-17,185.52999877929688,4412.52978515625,818656.6456536502,102.0999984741211,16.950000762939453,80.83000183105469,3.5910000801086426,-0.005681900578686561
2023-04-18,186.25,4426.75,824482.1875,101.75,16.829999923706055,80.86000061035156,3.572000026702881,0.007115976981654448
2023-04-19,185.3600006103516,4487.3798828125,831780.7378170044,101.97000122070312,16.459999084472656,79.16000366210938,3.601999998092652,0.00885228380631875
2023-04-20,186.08999633789065,4532.25,843406.3859024049,101.83999633789062,17.170000076293945,77.29000091552734,3.5450000762939453,0.013976818116649081
2023-04-21,184.25,4525.14990234375,833758.8695068359,101.81999969482422,16.770000457763672,77.87000274658203,3.569999933242798,-0.011438751895679111
2023-04-24,184.8099975585937,4513.93994140625,834221.2295509278,101.3499984741211,16.889999389648438,78.76000213623047,3.515000104904175,0.0005545488761820039
2023-04-25,185.75,4474.25,831091.9375,101.86000061035156,18.76000022888184,77.06999969482422,3.3959999084472656,-0.0037511536988962257
2023-04-26,184.7400054931641,4494.56982421875,830326.8540155814,101.47000122070312,18.84000015258789,74.30000305175781,3.431999921798706,-0.0009205762321795596
2023-04-27,184.75,4639.25,857101.4375,101.5,17.030000686645508,74.76000213623047,3.5280001163482666,0.03224583590779084
2023-04-28,184.8000030517578,4654.75,860197.8142051697,101.66999816894533,15.779999732971191,76.77999877929688,3.45199990272522,0.0036126140614127777
2023-05-01,183.97000122070312,4694.93994140625,863728.1067516357,102.1500015258789,16.079999923706055,75.66000366210938,3.5739998817443848,0.0041040473344238215
2023-05-02,187.5200042724609,4706.5,882562.9001083373,101.95999908447266,17.780000686645508,71.66000366210938,3.438999891281128,0.02180639162888509
2023-05-03,189.1100006103516,4708.72998046875,890467.9294804261,101.33999633789062,18.34000015258789,68.5999984741211,3.4030001163482666,0.008956901962589248
2023-05-04,190.44000244140625,4650.0,885546.0113525391,101.4000015258789,20.09000015258789,68.55999755859375,3.3510000705718994,-0.005527339014622212
2023-05-05,187.4600067138672,4603.9501953125,863056.5345235914,101.20999908447266,17.190000534057617,71.33999633789062,3.446000099182129,-0.025396169753617137
2023-05-08,187.69000244140625,4525.2998046875,849353.5313898921,101.37000274658205,16.979999542236328,73.16000366210938,3.5209999084472656,-0.015877294922821417
2023-05-09,189.0200042724609,4504.75,851487.8642463683,101.63999938964844,17.709999084472656,73.70999908447266,3.5209999084472656,0.002512891013690677
2023-05-10,188.75,4559.25,860558.4375,101.4800033569336,16.940000534057617,72.55999755859375,3.438999891281128,0.01065261600840306
2023-05-11,187.1300048828125,4548.0,851067.2622070312,102.05999755859376,16.93000030517578,70.87000274658203,3.3970000743865967,-0.011029088646834384
2023-05-12,186.8099975585937,4594.5,858298.5337829589,102.68000030517578,17.030000686645508,70.04000091552734,3.463000059127808,0.008496709833691884
2023-05-15,187.2100067138672,4557.02978515625,853121.5766743943,102.43000030517578,17.1200008392334,71.11000061035156,3.507999897003174,-0.00603165088229507
2023-05-16,184.8699951171875,4513.25,834364.5054626465,102.55999755859376,17.989999771118164,70.86000061035156,3.549000024795532,-0.021986398802461338
2023-05-17,184.22999572753903,4535.14990234375,835510.6471325381,102.87999725341795,16.8700008392334,72.83000183105469,3.5810000896453857,0.0013736702153408498
2023-05-18,181.83999633789065,4515.56982421875,821111.200299427,103.58000183105467,16.049999237060547,71.86000061035156,3.6480000019073486,-0.01723430680689686
2023-05-19,183.63999938964844,4525.25,831016.9072380066,103.1999969482422,16.809999465942383,71.55000305175781,3.691999912261963,0.01206378251200002
2023-05-22,183.2100067138672,4540.25,831819.2329826355,103.1999969482422,17.209999084472656,71.98999786376953,3.7190001010894775,0.0009654746343195075
2023-05-23,183.42999267578125,4526.68994140625,830330.7027976811,103.48999786376952,18.530000686645508,72.91000366210938,3.697999954223633,-0.0017894875784694175
2023-05-24,181.9499969482422,4479.75,815090.4988288879,103.88999938964844,20.030000686645508,74.33999633789062,3.7190001010894775,-0.018354378463235732
2023-05-25,180.1999969482422,4443.25,800673.6364402771,104.20999908447266,19.13999938964844,71.83000183105469,3.813999891281128,-0.017687437664068995
2023-05-26,180.9199981689453,4490.25,812376.0217781067,104.20999908447266,17.950000762939453,72.66999816894531,3.809999942779541,0.014615674608517537
2023-05-30,182.0399932861328,4436.27978515625,807580.3423052505,104.16999816894533,17.459999084472656,69.45999908447266,3.700000047683716,-0.005903275508254868
2023-05-31,182.32000732421875,4391.25,800612.7321624756,104.31999969482422,17.940000534057617,68.08999633789062,3.63700008392334,-0.00862776095179052
2023-06-01,183.759994506836,4443.25,816491.5955924989,103.55999755859376,15.649999618530272,70.0999984741211,3.608000040054321,0.019833388593676338
2023-06-02,181.0500030517578,4389.25,794673.725894928,104.0199966430664,14.600000381469728,71.73999786376953,3.690999984741211,-0.026721487171877722
2023-06-05,182.13999938964844,4349.25,792172.3923454285,104.0,14.729999542236328,72.1500015258789,3.693000078201294,-0.0031476233175855572
2023-06-06,182.33999633789065,4294.25,783013.5292739869,104.12999725341795,13.960000038146973,71.73999786376953,3.6989998817443848,-0.011561704447089372
2023-06-07,180.1499938964844,4218.75,760007.7867507936,104.0999984741211,13.9399995803833,72.52999877929688,3.783999919891357,-0.02938102812160137
2023-06-08,182.52999877929688,4216.25,769592.1073532104,103.33999633789062,13.649999618530272,71.29000091552734,3.71399998664856,0.012610818954095215
2023-06-09,182.0399932861328,4187.25,762246.9618873596,103.55999755859376,13.829999923706056,70.16999816894531,3.744999885559082,-0.009544205814574047
2023-06-12,181.8800048828125,4178.25,759940.1304016113,103.62999725341795,15.010000228881836,67.12000274658203,3.765000104904175,-0.003026357074663144
2023-06-13,180.5399932861328,4173.25,753438.5269813538,103.33999633789062,14.609999656677246,69.41999816894531,3.83899998664856,-0.008555415302020752
2023-06-14,180.63999938964844,4180.25,755120.3574485779,103.01000213623048,13.880000114440918,68.2699966430664,3.796000003814697,0.0022322066193805057
2023-06-15,181.9100036621093,4175.75,759610.6977920531,102.12000274658205,14.5,70.62000274658203,3.7279999256134033,0.005946522695596812
2023-06-16,181.6300048828125,4146.25,753083.4077453613,102.3000030517578,13.539999961853027,71.77999877929688,3.7690000534057617,-0.008592941181139957
2023-06-20,179.75,4166.25,748883.4375,102.54000091552734,13.880000114440918,70.5,3.7290000915527344,-0.005577031975695146
2023-06-21,179.49000549316406,4148.10009765625,744542.5093145147,102.06999969482422,13.199999809265137,72.52999877929688,3.723000049591065,-0.005796533837063689
2023-06-22,177.7100067138672,4152.5,737940.8028793335,102.38999938964844,12.90999984741211,69.51000213623047,3.799000024795532,-0.00886679585462391
2023-06-23,178.1999969482422,4115.25,733337.5374412537,102.9000015258789,13.4399995803833,69.16000366210938,3.739000082015991,-0.006237987410532941
2023-06-26,178.50999450683594,4187.25,747465.9744987488,102.69000244140624,14.25,69.37000274658203,3.7190001010894775,0.019265940083732502
2023-06-27,177.69000244140625,4162.18017578125,739577.805596143,102.48999786376952,13.739999771118164,67.69999694824219,3.767999887466431,-0.010553214690334989
2023-06-28,177.27999877929688,4164.75,738326.8749160767,102.91000366210938,13.43000030517578,69.55999755859375,3.7100000381469727,-0.001691411871206694
2023-06-29,177.08999633789062,4149.7001953125,734870.3923912346,103.33999633789062,13.539999961853027,69.86000061035156,3.8540000915527344,-0.004681507124110751
2023-06-30,178.27000427246094,4167.85009765625,743002.6547161564,102.91000366210938,13.59000015258789,70.63999938964844,3.819000005722046,0.01106625387159732
2023-07-03,178.47000122070312,4173.25,744799.9325942993,102.98999786376952,13.56999969482422,69.79000091552734,3.858000040054321,0.0024189387032937937
2023-07-05,177.83999633789062,4156.22998046875,739143.9245059937,103.37000274658205,14.18000030517578,71.79000091552734,3.944999933242798,-0.00759399650937731
2023-07-06,177.30999755859375,4127.93017578125,731923.2893898189,103.16999816894533,15.4399995803833,71.80000305175781,4.040999889373779,-0.009768916278383388
2023-07-07,178.63999938964844,4178.25,746402.5774497986,102.2699966430664,14.829999923706056,73.86000061035156,4.050000190734863,0.019782521296802358
2023-07-10,178.77999877929688,4173.60986328125,746157.9662626833,101.97000122070312,15.06999969482422,72.98999786376953,4.00600004196167,-0.000327720180108515
2023-07-11,179.4499969482422,4158.25,746197.9498100281,101.7300033569336,14.84000015258789,74.83000183105469,3.9800000190734863,5.3585901581998385e-05
2023-07-12,181.8800048828125,4186.75,761486.1104431152,100.5199966430664,13.539999961853027,75.75,3.861000061035156,0.020488076437330527
2023-07-13,182.009994506836,4137.64013671875,753091.8585554437,99.7699966430664,13.609999656677246,76.88999938964844,3.760999917984009,-0.0110235128028624
2023-07-14,181.42999267578125,4097.25,743364.0374908447,99.91000366210938,13.34000015258789,75.41999816894531,3.819000005722046,-0.012917177305911354
2023-07-17,181.5599975585937,4057.25,736634.3000946044,99.83999633789062,13.479999542236328,74.1500015258789,3.796999931335449,-0.00905308443351116
2023-07-18,183.63999938964844,4013.25,736993.2275505066,99.94000244140624,13.300000190734863,75.75,3.7890000343322754,0.0004872532488049419
2023-07-19,183.6699981689453,4003.530029296875,735328.3531502746,100.27999877929688,13.760000228881836,75.3499984741211,3.742000102996826,-0.002259009089900843
2023-07-20,182.7400054931641,3974.25,726254.4668312074,100.87999725341795,13.989999771118164,75.62999725341797,3.8540000915527344,-0.012339910844173407
2023-07-21,182.17999267578125,3977.25,724575.375869751,101.06999969482422,13.600000381469728,77.06999969482422,3.836999893188477,-0.002311987103890245
2023-07-24,181.3999938964844,3971.56005859375,720440.9703884275,101.3499984741211,13.90999984741211,78.73999786376953,3.857000112533569,-0.005705970170957975
2023-07-25,182.4100036621093,3948.6298828125,720269.5913841425,101.3499984741211,13.859999656677246,79.62999725341797,3.911999940872192,-0.00023788070269314954
2023-07-26,183.3000030517578,3973.0,728250.9121246338,100.88999938964844,13.1899995803833,78.77999877929688,3.8510000705718994,0.011081018601873271
2023-07-27,180.4199981689453,3947.43994140625,712197.1070005372,101.7699966430664,14.40999984741211,80.08999633789062,4.01200008392334,-0.022044332326698224
2023-07-28,181.8600006103516,3954.25,719119.9074134828,101.62000274658205,13.329999923706056,80.58000183105469,3.9690001010894775,0.009720343350033245
2023-07-31,182.3500061035156,3926.2900390625,715959.0125872194,101.86000061035156,13.630000114440918,81.80000305175781,3.9590001106262207,-0.004395504551713003
2023-08-01,180.4600067138672,3906.02001953125,704880.398949109,102.3000030517578,13.93000030517578,81.37000274658203,4.051000118255615,-0.015473809873663313
2023-08-02,179.60000610351562,3968.780029296875,712792.9174852297,102.58999633789062,16.09000015258789,79.48999786376953,4.078000068664551,0.011225334890737848
2023-08-03,179.5399932861328,4041.530029296875,725616.2743256651,102.54000091552734,15.920000076293944,81.55000305175781,4.189000129699707,0.017990297779159947
2023-08-04,180.19000244140625,4115.56005859375,741582.7770057619,102.0199966430664,17.100000381469727,82.81999969482422,4.059999942779541,0.022004058129670323
2023-08-07,179.77999877929688,4088.77001953125,735079.0691201538,102.0500030517578,15.770000457763672,81.94000244140625,4.078000068664551,-0.008770036315929097
2023-08-08,178.63999938964844,4027.10009765625,719401.1589873657,102.52999877929688,15.989999771118164,82.91999816894531,4.026000022888184,-0.021328195552559603
2023-08-09,177.7899932861328,4049.469970703125,719955.238903705,102.48999786376952,15.960000038146973,84.4000015258789,4.01200008392334,0.0007701960295967147
2023-08-10,177.60000610351562,4051.719970703125,719585.4915266111,102.5199966430664,15.850000381469728,82.81999969482422,4.079999923706055,-0.0005135699514554615
2023-08-11,177.60000610351562,3987.02001953125,708094.779803589,102.83999633789062,14.84000015258789,83.19000244140625,4.168000221252441,-0.015968515010835516
2023-08-14,177.05999755859375,3963.110107421875,701708.2659445554,103.19000244140624,14.81999969482422,82.51000213623047,4.184000015258789,-0.00901929239021515
2023-08-15,176.58999633789062,4038.25,713114.5527114868,103.20999908447266,16.459999084472656,80.98999786376953,4.2210001945495605,0.016255026939974382
2023-08-16,175.57000732421875,4094.699951171875,718906.5004177243,103.41999816894533,16.780000686645508,79.37999725341797,4.257999897003174,0.008122043904748022
2023-08-17,175.3000030517578,4122.5,722674.2625808716,103.44000244140624,17.889999389648438,80.38999938964844,4.308000087738037,0.005240962713451758
2023-08-18,175.3300018310547,4096.0,718151.6875,103.37999725341795,17.299999237060547,81.25,4.250999927520752,-0.006258110071223788
2023-08-21,175.80999755859375,4116.89013671875,723790.4448855221,103.33000183105467,17.1299991607666,80.72000122070312,4.3420000076293945,0.00785176374806218
2023-08-22,176.10000610351562,4061.31005859375,715196.7261066288,103.55999755859376,16.969999313354492,80.3499984741211,4.328000068664551,-0.011873213911041014
2023-08-23,177.88999938964844,4111.25,731350.2599906921,103.36000061035156,15.979999542236328,78.88999938964844,4.197999954223633,0.02258614070005538
2023-08-24,177.85000610351562,4092.199951171875,727797.7862927243,103.9800033569336,17.200000762939453,79.05000305175781,4.235000133514404,-0.004857417700259048
2023-08-25,177.6199951171875,4080.25,724733.9850769043,104.08000183105467,15.68000030517578,79.83000183105469,4.238999843597412,-0.004209687461989242
2023-08-28,178.1300048828125,4120.35009765625,733957.9830144048,104.05999755859376,15.079999923706056,80.0999984741211,4.211999893188477,0.012727425686435367
2023-08-29,179.8699951171875,4121.93017578125,741411.5605911613,103.5500030517578,14.449999809265137,81.16000366210938,4.122000217437744,0.010155319172555632
2023-08-30,180.32000732421875,4108.39990234375,740826.7004814446,103.16000366210938,13.880000114440918,81.62999725341797,4.118000030517578,-0.0007888467631261831
2023-08-31,180.02000427246094,4096.77978515625,737502.3144271597,103.62000274658205,13.56999969482422,83.62999725341797,4.0929999351501465,-0.004487400429985078
2023-09-01,180.11000061035156,4086.800048828125,736073.5592888184,104.23999786376952,13.09000015258789,85.55000305175781,4.172999858856201,-0.0019372890232230988
2023-09-05,178.63999938964844,4054.330078125,724265.5226816833,104.80999755859376,14.010000228881836,86.69000244140625,4.26800012588501,-0.016041924693700138
2023-09-06,177.8300018310547,4084.75,726391.0999794006,104.86000061035156,14.449999809265137,87.54000091552734,4.289999961853027,0.002934803923631657
2023-09-07,178.02000427246094,4064.449951171875,723553.3976728208,105.05999755859376,14.399999618530272,86.87000274658203,4.260000228881836,-0.003906576370030224
2023-09-08,178.0800018310547,4027.030029296875,717133.5149908997,105.08999633789062,13.84000015258789,87.51000213623047,4.257999897003174,-0.008872714443148966
2023-09-11,178.41000366210938,4015.080078125,716330.4514419436,104.56999969482422,13.800000190734863,87.29000091552734,4.288000106811523,-0.0011198243174651568
2023-09-12,177.49000549316406,3985.75,707430.7893943787,104.70999908447266,14.229999542236328,88.83999633789062,4.263999938964844,-0.012423961636211844
2023-09-13,177.0800018310547,3982.580078125,705235.2875266969,104.7699966430664,13.479999542236328,88.5199966430664,4.249000072479248,-0.0031034864478562962
2023-09-14,177.1699981689453,3959.75,701548.9002494812,105.41000366210938,12.81999969482422,90.16000366210938,4.288000106811523,-0.005227173600663271
2023-09-15,178.33999633789062,3917.5,698646.9356536865,105.31999969482422,13.789999961853027,90.7699966430664,4.322000026702881,-0.004136510790285208
2023-09-18,179.38999938964844,3928.25,704688.7651023865,105.1999969482422,14.0,91.4800033569336,4.318999767303467,0.008647900878641757
2023-09-19,179.22000122070312,3895.449951171875,698142.5450042114,105.1999969482422,14.109999656677246,91.1999969482422,4.364999771118164,-0.009289519604053886
2023-09-20,179.35000610351562,3921.75,703365.8864364624,105.16000366210938,15.140000343322754,90.27999877929688,4.348999977111816,0.007481769259914506
2023-09-21,178.0500030517578,3906.25,695507.824420929,105.36000061035156,17.540000915527344,89.62999725341797,4.480000019073486,-0.011172082933031624
2023-09-22,178.6199951171875,3941.75,704075.3657531738,105.58000183105467,17.200000762939453,90.02999877929688,4.438000202178955,0.012318396761931583
2023-09-25,177.6999969482422,3984.2900390625,708008.327782318,106.0,16.899999618530273,89.68000030517578,4.541999816894531,0.005585995790290177
2023-09-26,176.27999877929688,4018.830078125,708439.3612660766,106.2300033569336,18.940000534057617,90.38999938964844,4.558000087738037,0.0006087971946724391
2023-09-27,174.10000610351562,4066.25,707934.1498184204,106.66999816894533,18.21999931335449,93.68000030517578,4.625999927520752,-0.0007131329444389767
2023-09-28,173.22999572753906,4102.5498046875,710684.6851380318,106.22000122070312,17.34000015258789,91.70999908447266,4.5970001220703125,0.003885298258767378
2023-09-29,171.4499969482422,4071.25,698015.800075531,106.16999816894533,17.520000457763672,90.79000091552734,4.572999954223633,-0.01782630937099794
2023-10-02,169.64999389648438,4075.919921875,691479.7898686528,106.9000015258789,17.610000610351562,88.81999969482422,4.683000087738037,-0.00936369951249083
2023-10-03,169.16000366210938,4160.25,703747.9052352905,107.0,19.780000686645508,89.2300033569336,4.802000045776367,0.01774182781100242
2023-10-04,169.13999938964844,4215.75,713051.9524269104,106.8000030517578,18.57999992370605,84.22000122070312,4.735000133514404,0.013220710317438433
2023-10-05,168.8300018310547,4285.25,723478.7653465271,106.33000183105467,18.489999771118164,82.30999755859375,4.7170000076293945,0.01462279555385626
2023-10-06,169.6999969482422,4347.25,737728.3117332458,106.04000091552734,17.450000762939453,82.79000091552734,4.783999919891357,0.019695873699753452
2023-10-09,172.82000732421875,4324.75,747403.326675415,106.08000183105467,17.700000762939453,86.37999725341797,4.796999931335449,0.013114604371680327
2023-10-10,172.52999877929688,4315.25,744510.0772323608,105.83000183105467,17.030000686645508,85.97000122070312,4.65500020980835,-0.003871068457674487
2023-10-11,173.7899932861328,4229.0400390625,734964.8399954587,105.81999969482422,16.09000015258789,83.48999786376953,4.59499979019165,-0.012820830138909
2023-10-12,173.25999450683594,4215.25,730334.1918449402,106.56999969482422,16.690000534057617,82.91000366210938,4.711999893188477,-0.0063005029608588226
2023-10-13,178.8300018310547,4266.25,762933.4953117371,106.6500015258789,19.31999969482422,87.69000244140625,4.629000186920166,0.04463614579572939
2023-10-16,177.9600067138672,4235.25,753705.118434906,106.23999786376952,17.209999084472656,86.66000366210938,4.711999893188477,-0.01209591259728382
2023-10-17,178.2899932861328,4239.25,755815.8540382385,106.25,17.8799991607666,86.66000366210938,4.8470001220703125,0.0028004793276652507
2023-10-18,180.8699951171875,4196.72998046875,759062.5310755372,106.56999969482422,19.21999931335449,88.31999969482422,4.90399980545044,0.0042955926631493835
2023-10-19,183.08999633789065,4248.25,777812.076942444,106.25,21.39999961853028,89.37000274658203,4.98799991607666,0.02470092396780532
2023-10-20,183.58999633789065,4257.75,781680.3069076539,106.16000366210938,21.709999084472656,88.75,4.923999786376953,0.004973219213072477
2023-10-23,182.97000122070312,4234.25,774740.7276687622,105.54000091552734,20.3700008392334,85.48999786376953,4.8379998207092285,-0.00887777161272596
2023-10-24,182.9499969482422,4211.7998046875,770548.7614141852,106.2699966430664,18.96999931335449,83.73999786376953,4.840000152587891,-0.0054107988709860555
2023-10-25,183.72000122070312,4213.759765625,774151.9492843747,106.52999877929688,20.190000534057617,85.38999938964844,4.953000068664551,0.004676132193862204
2023-10-26,184.009994506836,4185.25,770127.8295097352,106.5999984741211,20.68000030517578,83.20999908447266,4.84499979019165,-0.005198100680828044
2023-10-27,186.1499938964844,4137.0,770102.524749756,106.55999755859376,21.270000457763672,85.54000091552734,4.84499979019165,-3.2857869836200315e-05
2023-10-30,185.1000061035156,4082.3291015625,755639.1416157781,106.12000274658205,19.75,82.30999755859375,4.875,-0.018781113772711966
2023-10-31,184.08999633789065,4060.0,747405.385131836,106.66000366210938,18.13999938964844,81.0199966430664,4.875,-0.010896413420744544
2023-11-01,183.509994506836,4112.75,754730.7299079896,106.87999725341795,16.8700008392334,80.44000244140625,4.789000034332275,0.009801032909150686
2023-11-02,184.1199951171875,4100.75,755030.0699768066,106.12000274658205,15.65999984741211,82.45999908447266,4.669000148773193,0.00039661836593496425
2023-11-03,184.7899932861328,4046.919921875,747830.3051927984,105.0199966430664,14.90999984741211,80.51000213623047,4.558000087738037,-0.009535732509606487
2023-11-06,183.3500061035156,3942.89697265625,722930.1840020566,105.22000122070312,14.890000343322754,80.81999969482422,4.662000179290772,-0.033296485870978776
2023-11-07,182.58999633789065,3977.25,726206.0629348756,105.54000091552734,14.8100004196167,77.37000274658203,4.571000099182129,0.004531390451404382
2023-11-08,180.7700042724609,4010.580078125,724992.5778577029,105.58999633789062,14.449999809265137,75.33000183105469,4.5229997634887695,-0.0016709927651507028
2023-11-09,181.4900054931641,4088.5,742021.8874588014,105.91000366210938,15.289999961853027,75.73999786376953,4.630000114440918,0.02348894336466012
2023-11-10,179.50999450683594,4052.25,727419.3752403259,105.86000061035156,14.170000076293944,77.16999816894531,4.627999782562256,-0.01967935510431451
2023-11-13,180.509994506836,3981.98876953125,718788.7709143684,105.66000366210938,14.760000228881836,78.26000213623047,4.631999969482422,-0.011864688541058044
2023-11-14,182.1199951171875,4023.25,732714.2703552246,104.11000061035156,14.15999984741211,78.26000213623047,4.440999984741211,0.019373562866239036
2023-11-15,181.63999938964844,3960.25,719339.8075828552,104.38999938964844,14.18000030517578,76.66000366210938,4.534999847412109,-0.018253312803482524
2023-11-16,183.69000244140625,4029.0,740087.0198364258,104.37000274658205,14.31999969482422,72.9000015258789,4.445000171661377,0.028842018799551727
2023-11-17,183.6699981689453,4085.699951171875,750420.5025505982,103.81999969482422,13.800000190734863,75.88999938964844,4.440999984741211,0.013962523915709735
2023-11-20,183.3699951171875,4021.15478515625,737359.1333195567,103.47000122070312,13.40999984741211,77.5999984741211,4.421999931335449,-0.01740540028776849
2023-11-21,185.3500061035156,4046.679931640625,750052.1500285639,103.58999633789062,13.350000381469728,77.7699966430664,4.418000221252441,0.01721415811568483
2023-11-22,184.5599975585937,4071.280029296875,751395.4322673826,103.91999816894533,12.850000381469728,77.0999984741211,4.415999889373779,0.0017909184564934844
2023-11-24,185.5200042724609,4064.760009765625,754094.294378247,103.4000015258789,12.460000038146973,75.54000091552734,4.4720001220703125,0.0035917999963352987
2023-11-27,186.7700042724609,4008.7666015625,748717.3553011267,103.1999969482422,12.6899995803833,74.86000061035156,4.388999938964844,-0.0071303272245993865
2023-11-28,189.259994506836,4008.75,758696.0029792787,102.75,12.6899995803833,76.41000366210938,4.335999965667725,0.013327656434701796
2023-11-29,189.5399932861328,3953.429931640625,749333.0827003606,102.7699966430664,12.979999542236328,77.86000061035156,4.270999908447266,-0.012340806122809966
2023-11-30,188.75,3988.85009765625,752895.4559326172,103.5,12.920000076293944,75.95999908447266,4.352000236511231,0.004754058394724758
2023-12-01,192.009994506836,4014.580078125,770839.4987480344,103.2699966430664,12.630000114440918,74.06999969482422,4.22599983215332,0.02383337908872063
2023-12-04,187.8600006103516,3973.131591796875,746392.5032599681,103.63999938964844,13.079999923706056,73.04000091552734,4.288000106811523,-0.03171476750707769
2023-12-05,187.1499938964844,4018.75,752109.0379714967,104.0500030517578,12.850000381469728,72.31999969482422,4.171000003814697,0.007658885487944911
2023-12-06,187.83999633789065,4010.5,753332.3053131105,104.1500015258789,12.970000267028809,69.37999725341797,4.120999813079834,0.0016264494639142146
2023-12-07,188.1499938964844,4000.10009765625,752618.8089593501,103.54000091552734,13.0600004196167,69.33999633789062,4.129000186920166,-0.0009471203461317579
2023-12-08,185.63999938964844,3997.72998046875,742138.591134198,104.01000213623048,12.350000381469728,71.2300033569336,4.244999885559082,-0.013925001209633803
2023-12-11,183.58999633789065,3948.1640625,724843.4257757665,104.0999984741211,12.630000114440918,71.31999969482422,4.238999843597412,-0.023304495366558986
2023-12-12,183.4900054931641,3966.25,727767.2342872621,103.87000274658205,12.06999969482422,68.61000061035156,4.205999851226807,0.004033710464251383
2023-12-13,187.6300048828125,3987.139892578125,748107.0775128901,102.87000274658205,12.1899995803833,69.47000122070312,4.0329999923706055,0.02794828108131009
2023-12-14,188.72999572753903,3968.25,748927.8055458068,101.95999908447266,12.479999542236328,71.58000183105469,3.930000066757202,0.0010970729426129644
2023-12-15,187.0,3964.5,741361.5,102.5500030517578,12.279999732971191,71.43000030517578,3.927999973297119,-0.010102850354571258
2023-12-18,187.8500061035156,3946.10205078125,741275.2943243532,102.51000213623048,12.5600004196167,72.47000122070312,3.953999996185303,-0.0001162802163947596
2023-12-19,189.1300048828125,3932.75,743801.0267028809,102.16999816894533,12.529999732971191,73.44000244140625,3.921999931335449,0.003407279856574519
2023-12-20,188.1000061035156,3941.25,741349.1490554808,102.41000366210938,13.670000076293944,74.22000122070312,3.877000093460083,-0.003296416056682072
2023-12-21,189.42999267578125,3939.8798828125,746331.4173446298,101.83999633789062,13.649999618530272,73.88999938964844,3.8940000534057617,0.006720542264729845
2023-12-22,190.2700042724609,3944.75,750567.5993537902,101.6999969482422,13.029999732971191,73.55999755859375,3.901000022888184,0.005676006544428125
2023-12-26,191.72000122070312,3951.080078125,757501.0774012208,101.47000122070312,12.989999771118164,75.56999969482422,3.885999917984009,0.009237646353772888
2023-12-27,192.58999633789065,3858.0,743012.2058715821,100.98999786376952,12.43000030517578,74.11000061035156,3.7890000343322754,-0.01912719593659984
2023-12-28,191.47000122070312,3832.75,733856.6471786499,101.2300033569336,12.470000267028809,71.7699966430664,3.849999904632568,-0.012322218424652198
2023-12-29,191.1699981689453,3879.75,741691.8003959656,101.33000183105467,12.449999809265137,71.6500015258789,3.865999937057495,0.010676680857819143
2024-01-02,190.72000122070312,3883.090087890625,740582.9463026002,102.1999969482422,13.199999809265137,70.37999725341797,3.946000099182129,-0.0014950335068736331
2024-01-03,189.1300048828125,3887.47998046875,735239.1076878905,102.45999908447266,14.039999961853027,72.69999694824219,3.9070000648498535,-0.007215719240348584
2024-01-04,189.32000732421875,3896.75,737732.7385406494,102.41999816894533,14.130000114440918,72.19000244140625,3.990999937057495,0.0033915916967484083
2024-01-05,189.3500061035156,3927.1298828125,743602.0672798454,102.41000366210938,13.350000381469728,73.80999755859375,4.041999816894531,0.007955901144913735
2024-01-08,187.8699951171875,3874.189208984375,727843.907774955,102.20999908447266,13.079999923706056,70.7699966430664,4.001999855041504,-0.021191656395651126
2024-01-09,187.92999267578125,3882.75,729685.1790618896,102.56999969482422,12.760000228881836,72.23999786376953,4.019000053405762,0.00252976121290005
2024-01-10,187.5,3938.25,738421.875,102.36000061035156,12.6899995803833,71.37000274658203,4.03000020980835,0.011973240225795045
2024-01-11,187.8699951171875,3934.75,739221.4632873535,102.29000091552734,12.4399995803833,72.0199966430664,3.9769999980926514,0.0010828339658186525
2024-01-12,189.7100067138672,3916.72998046875,743042.8708911315,102.4000015258789,12.699999809265137,72.68000030517578,3.950000047683716,0.005169503042814716
2024-01-16,187.9100036621093,3909.47998046875,734630.397446826,103.36000061035156,13.84000015258789,72.4000015258789,4.065999984741211,-0.011321652859970777
2024-01-17,185.83999633789065,3948.60009765625,733807.8276882322,103.4499969482422,14.789999961853027,72.55999755859375,4.105999946594238,-0.0011197055845396653
2024-01-18,187.3699951171875,3956.429931640625,741316.2569729984,103.54000091552734,14.130000114440918,74.08000183105469,4.144000053405762,0.010232146621303562
2024-01-19,187.92999267578125,3919.389892578125,736570.9138057381,103.29000091552734,13.300000190734863,73.41000366210938,4.145999908447266,-0.006401239852255269
2024-01-22,187.22000122070312,3869.931640625,724528.6064818501,103.33000183105467,13.1899995803833,75.19000244140625,4.093999862670898,-0.01634914859951142
2024-01-23,187.9499969482422,3900.60009765625,733117.7764508054,103.62000274658205,12.550000190734863,74.37000274658203,4.142000198364258,0.01185483898373918
2024-01-24,186.3999938964844,3955.9599609375,737390.9125734867,103.23999786376952,13.140000343322754,75.08999633789062,4.177999973297119,0.005828717103776304
2024-01-25,187.13999938964844,3913.97998046875,732462.2111560181,103.56999969482422,13.449999809265137,77.36000061035156,4.131999969482422,-0.006683973633832108
2024-01-26,187.009994506836,3937.5,736351.8533706666,103.47000122070312,13.260000228881836,78.01000213623047,4.159999847412109,0.0053103657163551254
2024-01-29,188.3300018310547,3893.13818359375,733194.7212447599,103.61000061035156,13.600000381469728,76.77999877929688,4.091000080108643,-0.004287531988213189
2024-01-30,188.58999633789065,3926.72998046875,740541.992636487,103.4000015258789,13.3100004196167,77.81999969482422,4.059000015258789,0.010020900558658674
2024-01-31,188.4499969482422,3919.260009765625,738584.5368796997,103.2699966430664,14.350000381469728,75.8499984741211,3.9670000076293945,-0.0026432744884842263
2024-02-01,190.4100036621093,3915.280029296875,745508.4847166016,103.0500030517578,13.880000114440918,73.81999969482422,3.86299991607666,0.009374617922754735
2024-02-02,188.6100006103516,3884.60009765625,732674.4267899172,103.91999816894533,13.850000381469728,72.27999877929688,4.0329999923706055,-0.017215173522221017
2024-02-05,187.57000732421875,3877.0126953125,727211.2996558547,104.4499969482422,13.670000076293944,72.77999877929688,4.164000034332275,-0.0074564184777107245
2024-02-06,188.5500030517578,3962.610107421875,747150.1478473209,104.18000030517578,13.0600004196167,73.30999755859375,4.090000152587891,0.027418232088668004
2024-02-07,188.5,3950.090087890625,744591.9815673828,104.04000091552734,12.829999923706056,73.86000061035156,4.110000133514404,-0.0034238985126465726
2024-02-08,188.3300018310547,3953.4599609375,744555.1216823608,104.1500015258789,12.789999961853027,76.22000122070312,4.170000076293945,-4.950346758292312e-05
2024-02-09,187.6000061035156,3945.0,740082.024078369,104.08000183105467,12.93000030517578,76.83999633789062,4.186999797821045,-0.006007745395511521
2024-02-12,187.1100006103516,3892.5009765625,728325.8601004035,104.16999816894533,13.93000030517578,76.91999816894531,4.171999931335449,-0.015884947337567845
2024-02-13,184.52999877929688,3911.919921875,721866.5784083009,104.95999908447266,15.850000381469728,77.87000274658203,4.315999984741211,-0.008868669981335287
2024-02-14,184.4199981689453,3923.320068359375,723538.6798230223,104.72000122070312,14.380000114440918,76.63999938964844,4.267000198364258,0.0023163579873837215
2024-02-15,185.6600036621093,3913.2099609375,726526.575678259,104.3000030517578,14.010000228881836,78.02999877929688,4.239999771118164,0.004129559260007465
2024-02-16,186.33999633789065,3907.3798828125,728101.1530540289,104.27999877929688,14.239999771118164,79.19000244140625,4.295000076293945,0.002167267417988006
2024-02-20,187.47000122070312,3916.35009765625,734198.157588318,104.08000183105467,15.420000076293944,78.18000030517578,4.275000095367432,0.008373842712259272
2024-02-21,187.47999572753903,3916.889892578125,734338.5003257877,104.01000213623048,15.34000015258789,77.91000366210938,4.324999809265137,0.00019115103466171846
2024-02-22,187.5599975585937,3923.449951171875,735882.2632630615,103.95999908447266,14.539999961853027,78.61000061035156,4.327000141143799,0.002102249761641195
2024-02-23,188.6199951171875,3926.8798828125,740688.0643218756,103.94000244140624,13.75,76.48999786376953,4.260000228881836,0.006530665703918581
2024-02-26,188.1999969482422,3879.02001953125,730031.5558379516,103.83000183105467,13.739999771118164,77.58000183105469,4.298999786376953,-0.014387309580424223
2024-02-27,188.0,3959.7099609375,744425.47265625,103.83000183105467,13.43000030517578,78.87000274658203,4.315000057220459,0.01971684196825807
2024-02-28,188.33999633789065,3929.9599609375,740168.6446510257,103.9800033569336,13.84000015258789,78.54000091552734,4.27400016784668,-0.005718272898474597
2024-02-29,189.3099975585937,3923.18994140625,742699.0782295166,104.16000366210938,13.399999618530272,78.26000213623047,4.251999855041504,0.0034187257144404626
2024-03-01,192.88999938964844,3926.1298828125,757311.1906993836,103.86000061035156,13.109999656677246,79.97000122070312,4.179999828338623,0.019674337693672772
2024-03-04,196.009994506836,3867.059814453125,757982.3729885631,103.83000183105467,13.489999771118164,78.73999786376953,4.218999862670898,0.0008862701323080202
2024-03-05,197.19000244140625,3943.610107421875,777640.4867104739,103.8000030517578,14.460000038146973,78.1500015258789,4.13700008392334,0.025934790072232206
2024-03-06,198.8099975585937,3942.97998046875,783903.8402905761,103.37000274658205,14.5,79.12999725341797,4.104000091552734,0.00805430489685155
2024-03-07,199.94000244140625,3921.929931640625,784150.6801072508,102.81999969482422,14.4399995803833,78.93000030517578,4.0920000076293945,0.0003148853264747231
2024-03-08,201.6300048828125,3914.010009765625,789181.85738042,102.73999786376952,14.739999771118164,78.01000213623047,4.089000225067139,0.006416084817373324
2024-03-11,202.0,3865.880859375,780907.93359375,102.87000274658205,15.220000267028809,77.93000030517578,4.104000091552734,-0.010484178911732811
2024-03-12,199.7899932861328,3907.25,780629.4512672424,102.95999908447266,13.84000015258789,77.55999755859375,4.15500020980835,-0.0003566135193761033
2024-03-13,201.19000244140625,3901.1201171875,784866.3659011722,102.79000091552734,13.75,79.72000122070312,4.191999912261963,0.005427561856719221
2024-03-14,200.3500061035156,3901.25,781615.4613113402,103.36000061035156,14.399999618530272,81.26000213623047,4.297999858856201,-0.004141984841074531
2024-03-15,199.7100067138672,3895.199951171875,777910.4084003903,103.43000030517578,14.40999984741211,81.04000091552734,4.303999900817871,-0.004740250282068148
2024-03-18,200.02999877929688,3848.223388671875,769760.1197384968,103.58000183105467,14.329999923706056,82.72000122070312,4.340000152587891,-0.010477155947370309
2024-03-19,199.8000030517578,3887.8798828125,776798.4124508053,103.80999755859376,13.81999969482422,83.47000122070312,4.296999931335449,0.009143488382717946
2024-03-20,202.17999267578125,3873.929931640625,783231.1252055913,103.41000366210938,13.039999961853027,81.68000030517578,4.2729997634887695,0.00828105806046997
2024-03-21,201.97000122070312,3878.860107421875,783413.3806309327,104.0,12.920000076293944,81.06999969482422,4.270999908447266,0.0002326968623642678
2024-03-22,200.3500061035156,3887.85009765625,778930.7907949834,104.43000030517578,13.0600004196167,80.62999725341797,4.2179999351501465,-0.00572187040300387
2024-03-25,200.9900054931641,3838.925048828125,771585.5666518101,104.2300033569336,13.1899995803833,81.94999694824219,4.252999782562256,-0.009429880330801499
2024-03-26,201.63999938964844,3946.1201171875,795695.6580211669,104.29000091552734,13.239999771118164,81.62000274658203,4.234000205993652,0.031247462901592638
2024-03-27,203.1000061035156,3855.5,783052.0735321044,104.3499984741211,12.779999732971191,81.3499984741211,4.196000099182129,-0.015889975471911177
2024-03-28,205.72000122070312,3846.3798828125,791277.2741874754,104.5500030517578,13.010000228881836,83.16999816894531,4.205999851226807,0.010504027680138472
2024-04-01,207.82000732421875,3859.449951171875,802070.9171199948,105.0199966430664,13.649999618530272,83.70999908447266,4.328999996185303,0.013640784696619557
2024-04-02,210.88999938964844,3861.06005859375,814258.9534002319,104.81999969482422,14.609999656677246,85.1500015258789,4.364999771118164,0.015195709032813198
2024-04-03,212.7400054931641,3830.25,814847.4060401918,104.25,14.329999923706056,85.43000030517578,4.355000019073486,0.000722684887286329
2024-04-04,211.5200042724609,3811.610107421875,806231.7862068302,104.12000274658205,16.350000381469727,86.58999633789062,4.309000015258789,-0.010573292336082618
2024-04-05,215.13999938964844,3768.25,810701.3027000427,104.3000030517578,16.030000686645508,86.91000366210938,4.377999782562256,0.005543711584779842
2024-04-08,216.47999572753903,3773.340087890625,816852.6461051143,104.13999938964844,15.1899995803833,86.43000030517578,4.423999786376953,0.0075876816585644935
2024-04-09,217.6699981689453,3771.35009765625,820909.7688512877,104.1500015258789,14.979999542236328,85.2300033569336,4.366000175476074,0.004966774320336098
2024-04-10,215.6100006103516,3765.25,811825.5547981263,105.25,15.800000190734863,86.20999908447266,4.559999942779541,-0.011066032343448717
2024-04-11,219.8000030517578,3802.25,835734.5616035461,105.27999877929688,14.90999984741211,85.0199966430664,4.576000213623047,0.029450916719867548
2024-04-12,216.88999938964844,3822.25,829007.8001670837,106.04000091552734,17.309999465942383,85.66000366210938,4.499000072479248,-0.008048920967867579
2024-04-15,220.9499969482422,3813.10009765625,842504.4549404904,106.20999908447266,19.229999542236328,85.41000366210938,4.627999782562256,0.01628049189728542
2024-04-16,221.22000122070312,3884.25,859273.7897415161,106.26000213623048,18.39999961853028,85.36000061035156,4.658999919891357,0.019904149708276808
2024-04-17,219.58999633789065,3921.5,861122.1706390382,105.9499969482422,18.209999084472656,82.69000244140625,4.585000038146973,0.0021510965650168856
2024-04-18,220.33999633789065,3890.39990234375,857210.700235352,106.1500015258789,18.0,82.7300033569336,4.646999835968018,-0.004542294388708457
2024-04-19,221.02999877929688,3926.64990234375,867907.4231217653,106.1500015258789,18.709999084472656,83.13999938964844,4.614999771118164,0.012478522355678034
2024-04-22,215.57000732421875,3912.6201171875,843443.547318995,106.08000183105467,16.940000534057617,82.8499984741211,4.623000144958496,-0.02818719502913858
2024-04-23,215.0399932861328,3909.85009765625,840774.1387497857,105.69000244140624,15.6899995803833,83.36000061035156,4.5980000495910645,-0.0031648929886231025
2024-04-24,214.63999938964844,3903.199951171875,837782.8351372071,105.86000061035156,15.970000267028809,82.80999755859375,4.651999950408936,-0.003557796885887421
2024-04-25,215.9199981689453,3937.5,850184.9927902222,105.5999984741211,15.369999885559082,83.56999969482422,4.705999851226807,0.014803547092229419
2024-04-26,216.6199951171875,3956.010009765625,856950.8689989746,105.94000244140624,15.029999732971191,83.8499984741211,4.669000148773193,0.007958122368812326
2024-04-29,216.17999267578125,3963.489990234375,856827.2370593995,105.58000183105467,14.670000076293944,82.62999725341797,4.613999843597412,-0.00014426957722735168
2024-04-30,211.8699951171875,3907.260009765625,827831.159190625,106.22000122070312,15.649999618530272,81.93000030517578,4.685999870300293,-0.03384121864319822
2024-05-01,213.7899932861328,3907.75,835437.8462638855,105.76000213623048,15.390000343322754,79.0,4.59499979019165,0.009188693840296747
2024-05-02,213.1300048828125,3912.25,833817.8616027832,105.3000030517578,14.68000030517578,78.94999694824219,4.571000099182129,-0.0019390845989883942
2024-05-03,212.9600067138672,3895.75,829638.9461555481,105.02999877929688,13.489999771118164,78.11000061035156,4.5,-0.0050117845151484985
2024-05-06,215.1999969482422,3886.2900390625,836329.604546234,105.0500030517578,13.489999771118164,78.4800033569336,4.488999843597412,0.008064542318908297
2024-05-07,214.2100067138672,3892.75,833866.0036354065,105.41000366210938,13.229999542236328,78.37999725341797,4.4629998207092285,-0.0029457296470620786
2024-05-08,213.5800018310547,3887.25,830238.8621177673,105.5500030517578,13.0,78.98999786376953,4.492000102996826,-0.004349789416795868
2024-05-09,216.9499969482422,3896.25,845291.4256095886,105.2300033569336,12.6899995803833,79.26000213623047,4.448999881744385,0.0181304009949923
2024-05-10,218.7100067138672,3888.760009765625,850510.7278444581,105.30999755859376,12.550000190734863,78.26000213623047,4.504000186920166,0.00617455953857049
2024-05-13,216.259994506836,3889.110107421875,841058.9304675349,105.22000122070312,13.600000381469728,79.12000274658203,4.480999946594238,-0.011113084253361327
2024-05-14,218.08999633789065,3886.949951171875,847704.9006166385,105.01000213623048,13.420000076293944,78.0199966430664,4.445000171661377,0.007901907831130428
2024-05-15,220.88999938964844,3851.75,850813.0551490784,104.3499984741211,12.449999809265137,78.62999725341797,4.355999946594238,0.0036665525115862074
2024-05-16,220.02999877929688,3822.31005859375,841022.877526477,104.45999908447266,12.420000076293944,79.2300033569336,4.376999855041504,-0.011506849317075796
2024-05-17,223.6600036621093,3826.3798828125,855808.1386024653,104.4499969482422,11.989999771118164,80.05999755859375,4.420000076293945,0.017580093801339958
2024-05-20,224.5599975585937,3805.419921875,854545.0883656739,104.56999969482422,12.149999618530272,79.80000305175781,4.436999797821045,-0.0014758567718857751
2024-05-21,224.22999572753903,3824.919921875,857661.7777402102,104.66000366210938,11.859999656677246,79.26000213623047,4.414000034332275,0.003647191256457738
2024-05-22,220.1100006103516,3821.06005859375,841053.5318292604,104.94000244140624,12.289999961853027,77.56999969482422,4.434000015258789,-0.019364563446804928
2024-05-23,215.72000122070312,3827.89990234375,825754.5716063231,105.11000061035156,12.770000457763672,76.87000274658203,4.474999904632568,-0.01819023361053207
2024-05-24,215.9199981689453,3864.39990234375,834401.219838135,104.72000122070312,11.93000030517578,77.72000122070312,4.4670000076293945,0.010471208430601342
2024-05-28,218.19000244140625,3868.239990234375,844011.2929131836,104.61000061035156,12.920000076293944,79.83000183105469,4.541999816894531,0.0115173286502539
2024-05-29,216.1600036621093,3858.389892578125,834029.5733095332,105.0999984741211,14.279999732971191,79.2300033569336,4.624000072479248,-0.011826523753251661
2024-05-30,216.57000732421875,3867.5,837584.503326416,104.72000122070312,14.470000267028809,77.91000366210938,4.553999900817871,0.004262354874032148
2024-05-31,215.3000030517578,3864.75,832080.686794281,104.66999816894533,12.920000076293944,76.98999786376953,4.513999938964844,-0.006571058215949499
2024-06-03,217.22000122070312,3855.89990234375,837578.5814940184,104.13999938964844,13.109999656677246,74.22000122070312,4.401999950408936,0.00660740573239238
2024-06-04,215.2700042724609,3856.239990234375,830132.7991733885,104.11000061035156,13.15999984741211,73.25,4.335999965667725,-0.00888965224892524
2024-06-05,217.82000732421875,3924.760009765625,854891.2540729493,104.2699966430664,12.630000114440918,74.06999969482422,4.289000034332275,0.029824691813423287
2024-06-06,219.42999267578125,3930.0,862359.8712158203,104.0999984741211,12.579999923706056,75.55000305175781,4.281000137329102,0.008736335887504332
2024-06-07,211.6000061035156,3939.75,833651.1240463256,104.88999938964844,12.220000267028809,75.52999877929688,4.429999828338623,-0.03329091267781159
2024-06-10,213.5399932861328,3965.89990234375,846878.2385199592,105.1500015258789,12.739999771118164,77.73999786376953,4.468999862670898,0.015866486701814342
2024-06-11,214.1499938964844,3963.340087890625,848749.2556314693,105.2300033569336,12.850000381469728,77.9000015258789,4.40399980545044,0.0022093106498757287
2024-06-12,214.72000122070312,3988.85009765625,856485.8978379518,104.6500015258789,12.039999961853027,78.5,4.295000076293945,0.00911534490917032
2024-06-13,212.97000122070312,4025.0,857204.2549133301,105.1999969482422,11.9399995803833,78.62000274658203,4.23799991607666,0.000838726098341791
2024-06-14,215.72999572753903,4143.75,893931.1697959899,105.5500030517578,12.65999984741211,78.44999694824219,4.2129998207092285,0.04284499834449984
2024-06-17,214.6100006103516,4136.81982421875,887802.9050005005,105.31999969482422,12.75,80.33000183105469,4.27899980545044,-0.0068554101283747615
2024-06-18,215.47000122070312,4131.5,890214.310043335,105.26000213623048,12.300000190734863,81.56999969482422,4.2170000076293945,0.0027161490790943432
2024-06-20,218.1600036621093,4160.75,907709.2352371216,105.58999633789062,13.279999732971191,82.16999816894531,4.254000186920166,0.01965248704318734
2024-06-21,214.77999877929688,4162.7001953125,894064.7428677976,105.8000030517578,13.199999809265137,80.7300033569336,4.256999969482422,-0.015031787536853303
2024-06-24,215.6300048828125,4161.56005859375,897357.2157546878,105.47000122070312,13.329999923706056,81.62999725341797,4.248000144958496,0.0036825888876115265
2024-06-25,214.5599975585937,4086.75,876853.0700225829,105.61000061035156,12.84000015258789,80.83000183105469,4.23799991607666,-0.022849479975330267
2024-06-26,212.5800018310547,4088.72998046875,869182.2267347351,106.0500030517578,12.550000190734863,80.9000015258789,4.315999984741211,-0.008748151258283543
2024-06-27,214.9900054931641,4144.75,891079.8252677919,105.91000366210938,12.239999771118164,81.73999786376953,4.288000106811523,0.025193334446471205
2024-06-28,215.009994506836,4173.8798828125,897425.8906757088,105.87000274658205,12.4399995803833,81.54000091552734,4.3429999351501465,0.0071217698212500125
2024-07-01,215.57000732421875,4176.7998046875,900392.7644882798,105.9000015258789,12.220000267028809,83.37999725341797,4.479000091552734,0.003305981968424243
2024-07-02,215.5599975585937,4132.25,890747.7999114989,105.72000122070312,12.029999732971191,82.80999755859375,4.435999870300293,-0.010711952558017712
2024-07-03,217.9900054931641,4117.9501953125,897671.985696748,105.4000015258789,12.09000015258789,83.87999725341797,4.355000019073486,0.007773452582130469
2024-07-05,220.92999267578125,4091.0,903824.6000366212,104.87999725341795,12.479999542236328,83.16000366210938,4.271999835968018,0.006853967192813393
2024-07-08,218.19000244140625,4094.68994140625,893420.4083122313,105.01000213623048,12.369999885559082,82.33000183105469,4.269000053405762,-0.011511295138424416
2024-07-09,218.5599975585937,4064.75,888391.7500762938,105.12000274658205,12.510000228881836,81.41000366210938,4.300000190734863,-0.00562854641460131
2024-07-10,219.3600006103516,4046.39990234375,887618.2850478516,105.0500030517578,12.850000381469728,82.0999984741211,4.28000020980835,-0.0008706350868024071
2024-07-11,223.25,3968.77001953125,886027.9068603516,104.44000244140624,12.920000076293944,82.62000274658203,4.192999839782715,-0.0017917366218005437
2024-07-12,223.1100006103516,3972.830078125,886378.1211552919,104.08999633789062,12.460000038146973,82.20999908447266,4.189000129699707,0.00039526327808503403
2024-07-15,223.8300018310547,3961.89990234375,886792.062396057,104.19000244140624,13.119999885559082,81.91000366210938,4.229000091552734,0.00046700299892954433
2024-07-16,228.2899932861328,3935.199951171875,898366.7704326175,104.2699966430664,13.1899995803833,80.76000213623047,4.166999816894531,0.013052336085740857
2024-07-17,227.22999572753903,3975.360107421875,903321.0602249018,103.75,14.479999542236328,82.8499984741211,4.145999908447266,0.0055147740937684375
2024-07-18,225.77999877929688,3998.5,902781.3251190186,104.16999816894533,15.93000030517578,82.81999969482422,4.189000129699707,-0.0005975008550657135
2024-07-19,221.72999572753903,4021.409912109375,891667.2026306948,104.4000015258789,16.520000457763672,80.12999725341797,4.238999843597412,-0.012310979612763395
2024-07-22,221.8000030517578,4046.719970703125,897562.5018515624,104.30999755859376,14.90999984741211,79.77999877929688,4.260000228881836,0.006611546553999759
2024-07-23,222.5800018310547,3992.25,888595.0123100281,104.4499969482422,14.720000267028809,76.95999908447266,4.238999843597412,-0.00999093603290635
2024-07-24,221.8000030517578,4014.75,890471.5622520447,104.38999938964844,18.040000915527344,77.58999633789062,4.285999774932861,0.0021118168749769684
2024-07-25,218.3300018310547,4043.050048828125,882719.1245636903,104.36000061035156,18.459999084472656,78.27999877929688,4.25600004196167,-0.008705991316273032
2024-07-26,220.6300048828125,4029.75,889083.7621765137,104.31999969482422,16.389999389648438,77.16000366210938,4.199999809265137,0.00721026364526689
2024-07-29,220.32000732421875,4021.06005859375,885919.9815604985,104.55999755859376,16.600000381469727,75.80999755859375,4.177999973297119,-0.0035584730602549186
2024-07-30,222.5200042724609,4064.64990234375,904465.9136355892,104.5500030517578,17.690000534057617,74.7300033569336,4.14300012588501,0.020934093892343464
2024-07-31,226.5500030517578,4082.25,924833.7499580384,104.0999984741211,16.360000610351562,77.91000366210938,4.109000205993652,0.022519186201919617
2024-08-01,225.7700042724609,4051.75,914763.6148109436,104.41999816894533,18.59000015258789,76.30999755859375,3.9760000705718994,-0.010888589595212883
2024-08-02,225.33999633789065,4084.89990234375,920491.3290347904,103.20999908447266,23.38999938964844,73.5199966430664,3.7920000553131104,0.00626141456777396
2024-08-05,222.47999572753903,4050.260009765625,901101.8296680785,102.69000244140624,38.56999969482422,72.94000244140625,3.785000085830689,-0.0210642933345645
2024-08-06,220.6999969482422,4163.06982421875,918789.4975003971,102.97000122070312,27.709999084472656,73.19999694824219,3.888000011444092,0.019628933434564066
2024-08-07,220.5500030517578,4138.0,912635.9126281738,103.1999969482422,27.850000381469727,75.2300033569336,3.9679999351501465,-0.00669749152440724
2024-08-08,224.009994506836,4134.89013671875,926256.7168127374,103.20999908447266,23.790000915527344,76.19000244140625,3.996999979019165,0.014924685732932597
2024-08-09,224.5599975585937,4079.75,916148.6500396729,103.13999938964844,20.3700008392334,76.83999633789062,3.941999912261963,-0.010912813466925853
2024-08-12,228.4100036621093,4069.25,929457.4074020385,103.13999938964844,20.709999084472656,80.05999755859375,3.908999919891357,0.014526853651740224
2024-08-13,228.0599975585937,4051.550048828125,923996.4942442623,102.55999755859376,18.1200008392334,78.3499984741211,3.8519999980926514,-0.00587537752056877
2024-08-14,226.1999969482422,4035.219970703125,912766.7450585328,102.56999969482422,16.190000534057617,76.9800033569336,3.819999933242798,-0.012153454321181534
2024-08-15,226.9100036621093,4014.75,910986.9372024536,102.9800033569336,15.229999542236328,78.16000366210938,3.9260001182556152,-0.0019499043602482224
2024-08-16,231.9900054931641,4007.35009765625,929665.1711683052,102.45999908447266,14.800000190734863,76.6500015258789,3.891999959945679,0.02050329505625026
2024-08-19,231.6100006103516,4032.239990234375,933907.1065992676,101.88999938964844,14.649999618530272,74.37000274658203,3.867000102996826,0.004562863665884764
2024-08-20,232.4600067138672,4027.25,936174.5620384216,101.44000244140624,15.880000114440918,74.04000091552734,3.818000078201294,0.002427923958530309
2024-08-21,232.1499938964844,4007.25,930283.0630416872,101.04000091552734,16.270000457763672,71.93000030517578,3.7780001163482666,-0.006293162873285407
2024-08-22,229.3699951171875,4025.25,923271.572845459,101.51000213623048,17.549999237060547,73.01000213623047,3.861999988555908,-0.007536942759447052
2024-08-23,232.0200042724609,4067.75,943799.3723793027,100.72000122070312,15.859999656677246,74.83000183105469,3.806999921798706,0.022233761048852108
2024-08-26,232.759994506836,4022.25,936218.887905121,100.8499984741211,16.149999618530273,77.41999816894531,3.818000078201294,-0.008031881240894934
2024-08-27,233.38999938964844,4025.949951171875,939616.4566467592,100.5500030517578,15.43000030517578,75.52999877929688,3.8329999446868896,0.0036290324682943798
2024-08-28,231.75,4040.090087890625,936290.8778686523,101.08999633789062,17.110000610351562,74.5199966430664,3.8410000801086426,-0.0035392938837778276
2024-08-29,232.9499969482422,4083.25,951193.07503891,101.33999633789062,15.649999618530272,75.91000366210938,3.867000102996826,0.01591620459250942
2024-08-30,231.2899932861328,4125.1298828125,954101.262900129,101.6999969482422,15.0,73.55000305175781,3.91100001335144,0.0030574106745888674
2024-09-03,230.2899932861328,4145.509765625,954669.4160933791,101.83000183105467,20.71999931335449,70.33999633789062,3.8440001010894775,0.0005954852124638865
2024-09-04,230.42999267578125,4180.0498046875,963208.8458785416,101.36000061035156,21.31999969482422,69.19999694824219,3.767999887466431,0.00894490767296885
2024-09-05,232.3500061035156,4182.25,971745.813026428,101.11000061035156,19.89999961853028,69.1500015258789,3.7309999465942383,0.008863048947707508
2024-09-06,230.6300048828125,4163.330078125,960188.8362467288,101.18000030517578,22.3799991607666,67.66999816894531,3.7100000381469727,-0.01189300393660142
2024-09-09,231.6000061035156,4172.830078125,966427.4715626836,101.5500030517578,19.450000762939453,68.70999908447266,3.697000026702881,0.00649730040638774
2024-09-10,232.6199951171875,4208.25,978923.0944519044,101.62999725341795,19.07999992370605,65.75,3.6459999084472656,0.01292970580504682
2024-09-11,232.25,4283.6298828125,994873.0402832032,101.68000030517578,17.690000534057617,67.30999755859375,3.6530001163482666,0.016293359429045973
2024-09-12,236.3300018310547,4268.22998046875,1008710.7990995422,101.37000274658205,17.06999969482422,68.97000122070312,3.680000066757202,0.013909070058225614
2024-09-13,238.67999267578125,4209.25,1004663.7591705322,101.11000061035156,16.559999465942383,68.6500015258789,3.650000095367432,-0.00401209140679637
2024-09-16,238.6600036621093,4198.68994140625,1002059.3567920772,100.76000213623048,17.139999389648438,70.08999633789062,3.621000051498413,-0.002592312457458723
2024-09-17,237.33999633789065,4224.75,1002702.1495285037,100.88999938964844,17.610000610351562,71.19000244140625,3.641999959945679,0.0006414717172884554
2024-09-18,235.509994506836,4203.5,989966.261909485,100.5999984741211,18.229999542236328,70.91000366210938,3.684999942779541,-0.012701566088202165
2024-09-19,239.1699981689453,4188.5,1001763.5373306274,100.61000061035156,16.329999923706055,71.94999694824219,3.740000009536743,0.01191684593208997
2024-09-20,242.2100067138672,4163.5,1008441.362953186,100.72000122070312,16.149999618530273,71.91999816894531,3.7279999256134033,0.006666069759688753
2024-09-23,242.67999267578125,4152.22998046875,1007663.1412483156,100.91999816894533,15.890000343322754,70.37000274658203,3.739000082015991,-0.0007717074422567416
2024-09-24,246.07000732421875,4160.0,1023651.23046875,100.37000274658205,15.390000343322754,71.55999755859375,3.736000061035156,0.015866501974685754
2024-09-25,245.72999572753903,4147.0,1019042.2922821044,100.91999816894533,15.40999984741211,69.69000244140625,3.7809998989105225,-0.0045024497108601125
2024-09-26,246.97999572753903,4199.0,1037069.0020599364,100.55999755859376,15.369999885559082,67.66999816894531,3.7909998893737793,0.01768985439992088
2024-09-27,245.0200042724609,4164.75,1020447.0627937316,100.41999816894533,16.959999084472656,68.18000030517578,3.749000072479248,-0.016027804546456026
2024-09-30,243.0599975585937,4179.31005859375,1015823.0926384032,100.77999877929688,16.729999542236328,68.16999816894531,3.802000045776367,-0.004531318011410712
2024-10-01,245.6100006103516,4191.509765625,1029476.7160934508,101.19000244140624,19.26000022888184,69.83000183105469,3.743000030517578,0.013440946119451791
2024-10-02,245.6600036621093,4219.52001953125,1036567.3034503906,101.68000030517578,18.89999961853028,70.0999984741211,3.785000085830689,0.006887564571490756
2024-10-03,245.4900054931641,4181.35986328125,1026482.05580581,101.98999786376952,20.489999771118164,73.70999908447266,3.849999904632568,-0.009729467262772129
2024-10-04,245.0,4185.10986328125,1025351.9165039062,102.5199966430664,19.209999084472656,74.37999725341797,3.9809999465942383,-0.0011009830084331984
2024-10-07,244.1699981689453,4163.47021484375,1016594.5147348568,102.54000091552734,22.63999938964844,77.13999938964844,4.026000022888184,-0.008540874238485041
2024-10-08,242.3699951171875,4212.75,1021044.1969299316,102.5500030517578,21.420000076293945,73.56999969482422,4.0329999923706055,0.00437704722047938
2024-10-09,241.0500030517578,4229.330078125,1019480.0282389224,102.93000030517578,20.86000061035156,73.23999786376953,4.066999912261963,-0.0015319304450408522
2024-10-10,242.82000732421875,4232.740234375,1027794.0147124528,102.98999786376952,20.93000030517578,75.8499984741211,4.0960001945495605,0.00815512441954569
2024-10-11,245.47000122070312,4210.75,1033612.8076400756,102.88999938964844,20.459999084472656,75.55999755859375,4.072999954223633,0.0056614388139346605
2024-10-14,245.07000732421875,4195.06005859375,1028083.399285108,103.3000030517578,19.700000762939453,73.83000183105469,4.0980000495910645,-0.005349593497774308
2024-10-15,245.9199981689453,4207.490234375,1034705.9907333552,103.26000213623048,20.63999938964844,70.58000183105469,4.038000106811523,0.006441686980698469
2024-10-16,247.1499938964844,4242.25,1048472.061607361,103.58999633789062,19.57999992370605,70.38999938964844,4.015999794006348,0.013304330889443383
2024-10-17,248.6300048828125,4256.0,1058169.30078125,103.83000183105467,19.11000061035156,70.66999816894531,4.0960001945495605,0.009248924724825525
2024-10-18,251.2700042724609,4251.0,1068148.7881622312,103.48999786376952,18.030000686645508,69.22000122070312,4.072999954223633,0.009430898603478122
2024-10-21,251.22000122070312,4236.10009765625,1064193.0717042238,104.01000213623048,18.3700008392334,70.55999755859375,4.182000160217285,-0.0037033384317304296
2024-10-22,253.92999267578125,4276.0,1085804.6486816406,104.08000183105467,18.200000762939453,72.08999633789062,4.203999996185303,0.02030794745055764
2024-10-23,250.8699951171875,4262.27978515625,1069278.1088902354,104.43000030517578,19.239999771118164,70.7699966430664,4.242000102996826,-0.015220546174186445
2024-10-24,252.8000030517578,4306.75,1088746.413143158,104.05999755859376,19.07999992370605,70.19000244140625,4.199999809265137,0.01820696046338033
2024-10-25,253.32000732421875,4293.5,1087629.4514465332,104.26000213623048,20.32999992370605,71.77999877929688,4.23199987411499,-0.0010259153859346615
2024-10-28,253.3300018310547,4324.14013671875,1095434.428752698,104.31999969482422,19.799999237060547,67.37999725341797,4.277999877929688,0.007176136409127398
2024-10-29,256.0899963378906,4352.75,1114695.7315597534,104.27999877929688,19.34000015258789,67.20999908447266,4.27400016784668,0.01758325491831303
2024-10-30,257.5,4394.39013671875,1131555.460205078,103.98999786376952,20.350000381469727,68.61000061035156,4.265999794006348,0.015124960263132259
2024-10-31,253.509994506836,4412.52978515625,1118620.4015962111,103.9800033569336,23.15999984741211,69.26000213623047,4.283999919891357,-0.011431219293946415
2024-11-01,252.47000122070312,4420.0498046875,1115929.9795850215,104.27999877929688,21.8799991607666,69.48999786376953,4.361000061035156,-0.0024051251053087697
2024-11-04,252.8300018310547,4372.65087890625,1105537.32972043,103.88999938964844,21.979999542236328,71.47000122070312,4.309000015258789,-0.009312994591700208
2024-11-05,253.3999938964844,4413.25,1118317.52306366,103.41999816894533,20.489999771118164,71.98999786376953,4.289000034332275,0.011560164455470368
2024-11-06,245.6999969482422,4414.75,1084704.0615272522,105.08999633789062,16.270000457763672,71.69000244140625,4.426000118255615,-0.03005717145907072
2024-11-07,249.6499938964844,4411.25,1101268.535575867,104.51000213623048,15.199999809265137,72.36000061035156,4.341000080108643,0.01527096157941199
2024-11-08,247.9600067138672,4321.5,1071559.169013977,105.0,14.9399995803833,70.37999725341797,4.306000232696533,-0.02697740433159157
2024-11-11,242.13999938964844,4281.53125,1036729.9742617608,105.54000091552734,14.970000267028809,68.04000091552734,4.308000087738037,-0.032503286574707024
2024-11-12,240.0500030517578,4358.759765625,1046320.2950401604,106.0199966430664,14.710000038146973,68.12000274658203,4.432000160217285,0.009250548374690082
2024-11-13,237.6300048828125,4434.75,1053829.6641540527,106.4800033569336,14.020000457763672,68.43000030517578,4.451000213623047,0.007176931528031005
2024-11-14,237.009994506836,4477.25,1061152.9979057314,106.66999816894533,14.3100004196167,68.69999694824219,4.418000221252441,0.0069492575515583965
2024-11-15,236.58999633789065,4480.0,1059923.1835937502,106.69000244140624,16.139999389648438,67.0199966430664,4.427999973297119,-0.001158941561121063
2024-11-18,241.08999633789065,4451.66162109375,1073251.083927021,106.27999877929688,15.579999923706056,69.16000366210938,4.414000034332275,0.012574402126087403
2024-11-19,243.25,4395.25,1069144.5625,106.20999908447266,16.350000381469727,69.38999938964844,4.379000186920166,-0.0038262448447712316
2024-11-20,244.6199951171875,4390.64013671875,1074038.368805468,106.68000030517578,17.15999984741211,68.87000274658203,4.406000137329102,0.004577310194633366
2024-11-21,246.6600036621093,4392.5,1083454.0660858152,106.97000122070312,16.8700008392334,70.0999984741211,4.432000160217285,0.008766630274874787
2024-11-22,249.83999633789065,4388.5498046875,1096435.267131776,107.48999786376952,15.239999771118164,71.23999786376953,4.409999847412109,0.011981311854648347
2024-11-25,242.47999572753903,4341.76318359375,1052790.718207799,106.81999969482422,14.600000381469728,68.94000244140625,4.264999866485596,-0.03980586016550647
2024-11-26,242.9499969482422,4383.0,1064849.8366241455,107.01000213623048,14.100000381469728,68.7699966430664,4.302000045776367,0.011454430788367276
2024-11-27,243.4900054931641,4401.25,1071660.3866767886,106.08000183105467,14.100000381469728,68.72000122070312,4.242000102996826,0.006395784474395372
2024-11-29,245.58999633789065,4416.4599609375,1084638.3856330814,105.73999786376952,13.510000228881836,68.0,4.177999973297119,0.012110178856696852
2024-12-02,243.44000244140625,4327.994140625,1053606.904160142,106.4499969482422,13.34000015258789,68.0999984741211,4.196000099182129,-0.028609979034465938
2024-12-03,243.92999267578125,4457.75,1087378.924850464,106.37000274658205,13.300000190734863,69.94000244140625,4.2230000495910645,0.03205371999459583
2024-12-04,244.6699981689453,4435.5,1085233.776878357,106.33999633789062,13.449999809265137,68.54000091552734,4.179999828338623,-0.001972769494683946
2024-12-05,242.8600006103516,4425.75,1074837.6477012637,105.70999908447266,13.539999961853027,68.30000305175781,4.179999828338623,-0.009579621827655815
2024-12-06,242.9499969482422,4413.669921875,1072301.0940500796,105.97000122070312,12.770000457763672,67.19999694824219,4.151000022888184,-0.002359941202849547
2024-12-09,245.3600006103516,4376.15234375,1073732.7417334917,106.1500015258789,14.1899995803833,68.37000274658203,4.198999881744385,0.0013351172458517802
2024-12-10,248.58999633789065,4391.10009765625,1091583.5571956786,106.4000015258789,14.18000030517578,68.58999633789062,4.2210001945495605,0.01662500803818978
2024-12-11,250.9600067138672,4366.75,1095879.6093177795,106.70999908447266,13.579999923706056,70.29000091552734,4.270999908447266,0.003935614542543764
2024-12-12,247.27999877929688,4336.25,1072267.894706726,106.95999908447266,13.920000076293944,70.0199966430664,4.323999881744385,-0.021545901949715507
2024-12-13,244.2899932861328,4343.259765625,1061014.898984462,107.0,13.8100004196167,71.29000091552734,4.39900016784668,-0.01049457488918093
2024-12-16,244.8800048828125,4292.17236328125,1051067.1892781854,106.86000061035156,14.6899995803833,70.70999908447266,4.396999835968018,-0.00937565505988458
2024-12-17,243.94000244140625,4317.0498046875,1053101.1398951411,106.95999908447266,15.869999885559082,70.08000183105469,4.385000228881836,0.0019351290171587543
2024-12-18,239.259994506836,4343.77978515625,1039292.7275353896,108.02999877929688,27.6200008392334,70.58000183105469,4.49399995803833,-0.013112142639145286
2024-12-19,239.6000061035156,4371.33984375,1047373.0532430408,108.41000366210938,24.09000015258789,69.91000366210938,4.570000171661377,0.007774831376731628
2024-12-20,242.1000061035156,4376.68994140625,1059596.6615276483,107.62000274658205,18.36000061035156,69.45999908447266,4.52400016784668,0.011670730163201082
2024-12-23,240.9600067138672,4311.7841796875,1038967.5448862464,108.04000091552734,16.780000686645508,69.23999786376953,4.598999977111816,-0.019468838842565228
2024-12-24,241.44000244140625,4410.25,1064810.770767212,108.26000213623048,14.270000457763672,70.0999984741211,4.591000080108643,0.024873949150928443
2024-12-26,243.07000732421875,4411.06005859375,1072196.4007499516,108.12999725341795,14.729999542236328,69.62000274658203,4.578999996185303,0.006936096239351652
2024-12-27,241.3999938964844,4393.25,1060530.5231857302,108.0,15.949999809265137,70.5999984741211,4.61899995803833,-0.010880355087987237
2024-12-30,240.6300048828125,4350.453125,1046849.5567111968,108.12999725341795,17.399999618530273,70.98999786376953,4.545000076293945,-0.012900115720797078
2024-12-31,242.1300048828125,4403.169921875,1066139.554683447,108.48999786376952,17.350000381469727,71.72000122070312,4.572999954223633,0.018426714563315016
2025-01-02,245.4199981689453,4403.169921875,1080625.9541641176,109.38999938964844,17.93000030517578,73.12999725341797,4.574999809265137,0.013587714119632333
2025-01-03,243.4900054931641,4382.35009765625,1067058.4493512886,108.9499969482422,16.1299991607666,73.95999908447266,4.5960001945495605,-0.012555227607247033
2025-01-06,243.19000244140625,4319.55029296875,1050471.4462928474,108.26000213623048,16.040000915527344,73.55999755859375,4.618000030517578,-0.015544605891575247
2025-01-07,244.5599975585937,4338.25,1060962.409408569,108.54000091552734,17.81999969482422,74.25,4.683000087738037,0.009986909356503482
2025-01-08,245.8600006103516,4335.580078125,1065945.7206540408,109.08999633789062,17.700000762939453,73.31999969482422,4.692999839782715,0.004696972485811024
2025-01-10,248.2100067138672,4330.39013671875,1074846.1649086252,109.6500015258789,19.540000915527344,76.56999969482422,4.776000022888184,0.008349810015770176
2025-01-13,245.7400054931641,4300.29736328125,1056755.0976749735,109.95999908447266,19.190000534057617,78.81999969482422,4.802999973297119,-0.016831308353032592
2025-01-14,247.02999877929688,4304.75,1063402.3872451782,109.2699966430664,18.709999084472656,77.5,4.788000106811523,0.006290283893429782
2025-01-15,248.8800048828125,4284.7001953125,1066376.205530763,109.08999633789062,16.1200008392334,80.04000091552734,4.652999877929688,0.0027965127041782445
2025-01-16,250.6000061035156,4301.18994140625,1077878.225568786,108.95999908447266,16.600000381469727,78.68000030517578,4.605999946594238,0.010786080914378937
2025-01-17,249.2700042724609,4340.0,1081831.8185424802,109.3499984741211,15.970000267028809,77.87999725341797,4.609000205993652,0.0036679402922421556
2025-01-21,253.1300048828125,4321.60009765625,1093926.6538212895,108.05999755859376,15.0600004196167,75.88999938964844,4.573999881744385,0.011179958909975696
2025-01-22,254.42999267578125,4308.7001953125,1096262.5591354966,108.16999816894533,15.100000381469728,75.44000244140625,4.598999977111816,0.0021353399755343894
2025-01-23,254.07000732421875,4259.25,1082147.6786956787,108.0500030517578,15.020000457763672,74.62000274658203,4.638000011444092,-0.012875456086860027
2025-01-24,255.6499938964844,4224.509765625,1079995.89579767,107.44000244140624,14.850000381469728,74.66000366210938,4.625999927520752,-0.0019884373827816493
2025-01-27,252.9900054931641,4175.05126953125,1056246.2436129528,107.33999633789062,17.899999618530273,73.16999816894531,4.527999877929688,-0.021990502257581257
2025-01-28,255.17999267578125,4193.77978515625,1070168.694860011,107.87000274658205,16.40999984741211,73.7699966430664,4.551000118255615,0.013181065808514303
2025-01-29,254.1999969482422,4217.43994140625,1072073.2202348637,108.0,16.559999465942383,72.62000274658203,4.554999828338623,0.001779649679531703
2025-01-30,258.04998779296875,4167.830078125,1075508.5007833242,107.8000030517578,15.84000015258789,72.7300033569336,4.51200008392334,0.003204333886549282
2025-01-31,258.5599975585937,4160.0498046875,1075622.4673436282,108.37000274658205,16.43000030517578,72.52999877929688,4.568999767303467,0.00010596528081463497
2025-02-03,259.94000244140625,4170.0439453125,1083961.2333253026,108.98999786376952,18.6200008392334,73.16000366210938,4.543000221252441,0.007752502606484191
2025-02-04,262.5,4160.669921875,1092175.8544921875,107.95999908447266,17.209999084472656,72.69999694824219,4.513000011444092,0.0075783348281603935
2025-02-05,264.1300048828125,4164.0,1099837.3403320312,107.58000183105467,15.770000457763672,71.02999877929688,4.421999931335449,0.007014883004720973
2025-02-06,263.42999267578125,4174.81982421875,1099772.7557166517,107.69000244140624,15.5,70.61000061035156,4.440000057220459,-5.872197006884239e-05
2025-02-07,263.8999938964844,4140.81005859375,1092759.7491893915,108.04000091552734,16.540000915527344,71.0,4.486999988555908,-0.006376777830516711
2025-02-10,268.3699951171875,4105.4619140625,1101782.7938307524,108.31999969482422,15.8100004196167,72.31999969482422,4.493000030517578,0.008257116578510582
2025-02-11,267.3900146484375,4134.25,1105457.1680603027,107.95999908447266,16.020000457763672,73.31999969482422,4.537000179290772,0.003334935206943168
2025-02-12,267.6700134277344,4139.81982421875,1108105.6279370338,107.94000244140624,15.890000343322754,71.37000274658203,4.63700008392334,0.0023958050598904546
2025-02-13,270.3099975585937,4165.35009765625,1125935.774728149,107.30999755859376,15.100000381469728,71.29000091552734,4.525000095367432,0.016090656289066585
2025-02-14,266.2900085449219,4137.6298828125,1101809.4968498647,106.56999969482422,14.770000457763672,70.73999786376953,4.4720001220703125,-0.02142775673337971
2025-02-18,270.70001220703125,4134.25,1119141.525466919,107.0500030517578,15.350000381469728,71.8499984741211,4.544000148773193,0.01573051300302586
2025-02-19,270.8500061035156,4091.330078125,1108136.7766316533,107.16999816894533,15.270000457763672,72.25,4.534999847412109,-0.009833205707092563
2025-02-20,270.989990234375,4097.0,1110245.9899902344,106.33999633789062,15.65999984741211,72.56999969482422,4.5,0.0019033872018869857
2025-02-21,270.739990234375,4073.25,1102791.665222168,106.61000061035156,18.209999084472656,70.4000015258789,4.420000076293945,-0.006714119965551046
2025-02-24,272.2099914550781,4030.2900390625,1097085.2170946896,106.5999984741211,18.979999542236328,70.69999694824219,4.39300012588501,-0.00517454774771875
2025-02-25,268.6199951171875,4116.0,1105639.8999023438,106.30999755859376,19.43000030517578,68.93000030517578,4.297999858856201,0.007797646595137486
2025-02-26,269.0299987792969,4125.5,1109883.2599639893,106.41999816894533,19.100000381469727,68.62000274658203,4.249000072479248,0.0038379223307880572
2025-02-27,264.92999267578125,4103.080078125,1087028.9750458002,107.23999786376952,21.1299991607666,70.3499984741211,4.284999847412109,-0.020591611516809993
2025-02-28,263.2699890136719,4130.5,1087436.6896209717,107.61000061035156,19.6299991607666,69.76000213623047,4.230999946594238,0.0003750724079405465
2025-03-03,266.739990234375,4090.85205078125,1091193.8360756636,106.75,22.780000686645508,68.37000274658203,4.179999828338623,0.003455048455281995
2025-03-04,269.0599975585937,4124.25,1109670.69493103,105.73999786376952,23.51000022888184,68.26000213623047,4.210000038146973,0.016932700904741305
2025-03-05,269.6199951171875,4152.0498046875,1119475.648066163,105.73999786376952,21.93000030517578,66.30999755859375,4.264999866485596,0.008835912473783347
2025-03-06,268.25,4111.25,1102842.8125,104.05999755859376,24.8700008392334,66.36000061035156,4.285999774932861,-0.01485770199190617
2025-03-07,268.3900146484375,4106.25,1102076.4976501465,103.83999633789062,23.3700008392334,67.04000091552734,4.316999912261963,-0.0006948540999386354
2025-03-10,266.0400085449219,4060.3515625,1080215.964382887,103.91000366210938,27.86000061035156,66.02999877929688,4.2129998207092285,-0.019835767584074904
2025-03-11,269.1600036621094,4179.5,1124954.235305786,103.44000244140624,26.920000076293945,66.25,4.288000106811523,0.04141604308584479
2025-03-12,270.3299865722656,4123.25,1114638.1171340942,103.61000061035156,24.229999542236328,67.68000030517578,4.317999839782715,-0.009170255862797405
2025-03-13,275.1300048828125,4107.75,1130165.277557373,103.83000183105467,24.65999984741211,66.55000305175781,4.27400016784668,0.013930225590348178
2025-03-14,275.239990234375,4123.25,1134883.2897338867,103.72000122070312,21.770000457763672,67.18000030517578,4.308000087738037,0.0041746214206037635
2025-03-17,276.7300109863281,4069.672607421875,1126200.545362614,103.37000274658205,20.51000022888184,67.58000183105469,4.306000232696533,-0.007650781758632319
2025-03-18,279.9599914550781,4071.5,1139857.1052093506,103.23999786376952,21.700000762939453,66.9000015258789,4.281000137329102,0.01212622379110928
2025-03-19,281.1099853515625,4117.5,1157470.3646850586,103.43000030517578,19.89999961853028,67.16000366210938,4.25600004196167,0.015452164482032238
2025-03-20,280.75,4150.490234375,1165250.1333007812,103.8499984741211,19.799999237060547,68.26000213623047,4.232999801635742,0.006721354475316854
2025-03-21,278.489990234375,4178.39990234375,1163642.5479990244,104.08999633789062,19.280000686645508,68.27999877929688,4.251999855041504,-0.0013796053360689564
2025-03-24,277.25,4116.01953125,1141166.4150390625,104.26000213623048,17.479999542236328,69.11000061035156,4.330999851226807,-0.019315324107571863
2025-03-25,278.4700012207031,4143.91015625,1153954.6662694216,104.18000030517578,17.149999618530273,69.0,4.307000160217285,0.011206298276769111
2025-03-26,278.239990234375,4102.0,1141340.4399414062,104.5500030517578,18.32999992370605,69.6500015258789,4.3379998207092285,-0.010931301459870535
2025-03-27,281.9700012207031,4130.18017578125,1164586.909206763,104.06999969482422,18.690000534057617,69.91999816894531,4.36899995803833,0.02036769087630863
2025-03-28,284.0599975585937,4166.5,1183535.9798278806,104.04000091552734,21.64999961853028,69.36000061035156,4.255000114440918,0.016271066136253065
2025-03-31,288.1400146484375,4125.830078125,1188816.7391479015,104.20999908447266,22.280000686645508,71.4800033569336,4.245999813079834,0.004461849415671182
2025-04-01,287.57000732421875,4182.75,1202833.448135376,104.26000213623048,21.770000457763672,71.19999694824219,4.156000137329102,0.011790470747847115
2025-04-02,288.1600036621094,4146.75,1194927.495185852,103.80999755859376,21.51000022888184,71.70999908447266,4.196000099182129,-0.006572774445023688
2025-04-03,286.4200134277344,4149.5,1188499.8457183838,102.06999969482422,30.020000457763672,66.94999694824219,4.054999828338623,-0.00537911253474721
2025-04-04,279.7200012207031,4158.2001953125,1163131.7637087405,103.0199966430664,45.310001373291016,61.9900016784668,3.984999895095825,-0.021344623729681378
2025-04-07,273.7099914550781,4179.9599609375,1144096.8051907718,103.26000213623048,46.97999954223633,60.70000076293945,4.15500020980835,-0.01636526411872219
2025-04-08,275.20001220703125,4390.5,1208265.6535949707,102.95999908447266,52.33000183105469,59.58000183105469,4.26200008392334,0.05608690463347554
2025-04-09,285.3800048828125,4422.5,1262093.0715942385,102.9000015258789,33.619998931884766,62.34999847412109,4.400000095367432,0.044549323933122054
2025-04-10,292.3500061035156,4300.5,1257251.201248169,100.87000274658205,40.720001220703125,60.06999969482422,4.394000053405762,-0.0038363813692071647
2025-04-11,297.92999267578125,4369.0,1301656.1380004885,99.77999877929688,37.560001373291016,61.5,4.493000030517578,0.03531906488395897
2025-04-14,296.2300109863281,4277.0498046875,1266990.5106316507,99.63999938964844,30.88999938964844,61.52999877929688,4.363999843597412,-0.02663193938614905
2025-04-15,297.7799987792969,4307.5,1282687.3447418213,100.22000122070312,30.1200008392334,61.33000183105469,4.322999954223633,0.01238906998786038
2025-04-16,307.4700012207031,4349.25,1337263.902809143,99.37999725341795,32.63999938964844,62.470001220703125,4.27899980545044,0.04254860569962737
2025-04-17,306.1199951171875,4310.3701171875,1319490.4792267084,99.37999725341795,29.64999961853028,64.68000030517578,4.333000183105469,-0.0132908871204096
2025-04-22,311.1099853515625,4279.25,1331317.4048156738,98.91999816894533,30.56999969482422,64.30999755859375,4.388999938964844,0.008963251933349792
2025-04-23,303.6499938964844,4293.5,1303721.2487945557,99.83999633789062,28.450000762939453,62.27000045776367,4.38700008392334,-0.020728457332035655
2025-04-24,308.07000732421875,4300.5,1324855.0664978027,99.29000091552734,26.46999931335449,62.790000915527344,4.304999828338623,0.016210380649074985
2025-04-25,304.7300109863281,4255.25,1296702.3792495728,99.47000122070312,24.84000015258789,63.02000045776367,4.265999794006348,-0.02124963549609271
2025-04-28,309.07000732421875,4218.14990234375,1303703.6212120354,99.01000213623048,25.14999961853028,62.04999923706055,4.216000080108643,0.0053992666894884245
2025-04-29,306.0599975585937,4215.25,1290119.404708862,99.23999786376952,24.170000076293945,60.41999816894531,4.172999858856201,-0.010419712181626295
2025-04-30,303.7699890136719,4195.25,1274391.046409607,99.47000122070312,24.700000762939453,58.209999084472656,4.177000045776367,-0.012191397355816425
2025-05-01,297.4599914550781,4241.35009765625,1261631.963806823,100.25,24.600000381469727,59.2400016784668,4.230999946594238,-0.010011905402765309
2025-05-02,297.9800109863281,4197.08984375,1250648.8777512312,100.0,22.68000030517578,58.290000915527344,4.322000026702881,-0.008705459571943241
2025-05-05,306.8800048828125,4266.89990234375,1309426.2628657222,99.83000183105467,23.63999938964844,57.130001068115234,4.3429999351501465,0.04699751157989085
2025-05-06,315.4800109863281,4295.0,1354986.6471862793,99.23999786376952,24.76000022888184,59.09000015258789,4.308000087738037,0.03479415803135555
2025-05-07,310.75,4300.85986328125,1336492.2025146484,99.61000061035156,23.549999237060547,58.06999969482422,4.275000095367432,-0.013649171163447105
2025-05-08,304.6300048828125,4297.14990234375,1309040.7957331538,100.63999938964844,22.479999542236328,59.90999984741211,4.373000144958496,-0.020539892959976824
2025-05-09,306.8399963378906,4250.89990234375,1304346.110467896,100.33999633789062,21.89999961853028,61.02000045776367,4.375,-0.0035863552003575494
2025-05-12,298.19000244140625,4246.9501953125,1266398.0891087651,101.79000091552734,18.38999938964844,61.95000076293945,4.456999778747559,-0.029093521308940162
2025-05-13,299.4599914550781,4223.0,1264619.543914795,101.0,18.21999931335449,63.66999816894531,4.499000072479248,-0.0014044124112836398
2025-05-14,293.1600036621094,4210.0,1234203.6154174805,101.04000091552734,18.6200008392334,63.150001525878906,4.527999877929688,-0.024051445862648957
2025-05-15,297.8399963378906,4205.0,1252417.18460083,100.87999725341795,17.829999923706055,61.619998931884766,4.454999923706055,0.014757345510763908
2025-05-16,294.239990234375,4199.75,1235734.3989868164,101.08999633789062,17.239999771118164,62.4900016784668,4.440999984741211,-0.013320470063120982
2025-05-19,298.0299987792969,4212.60986328125,1255484.112411365,100.43000030517578,18.13999938964844,62.68999862670898,4.474999904632568,0.0159821669128426
2025-05-20,303.5799865722656,4168.25,1265397.2790298462,100.12000274658205,18.09000015258789,62.560001373291016,4.480999946594238,0.00789589172852323
2025-05-21,305.82000732421875,4171.9501953125,1275865.8392867446,99.55999755859376,20.8700008392334,61.56999969482422,4.5960001945495605,0.008272943549336942
2025-05-22,303.1099853515625,4171.0,1264271.7489013672,99.95999908447266,20.280000686645508,61.20000076293945,4.552999973297119,-0.00908723317794835
2025-05-23,309.75,4174.64990234375,1293097.8072509766,99.11000061035156,22.290000915527344,61.52999877929688,4.508999824523926,0.022800523997043243
2025-05-27,304.5,4150.25,1263751.125,99.5199966430664,18.959999084472656,60.88999938964844,4.434000015258789,-0.02269486661133957
2025-05-28,303.8099975585937,4111.25,1249038.8524627683,99.87999725341795,19.309999465942383,61.84000015258789,4.477000236511231,-0.01164174832068432
2025-05-29,305.6099853515625,4123.47998046875,1260176.656428516,99.27999877929688,19.18000030517578,60.93999862670898,4.423999786376953,0.008917099691324148
2025-05-30,303.6000061035156,4128.75,1253488.52519989,99.33000183105467,18.56999969482422,60.790000915527344,4.415999889373779,-0.0053072965560090335
2025-06-02,311.6700134277344,4068.934326171875,1268164.8160745576,98.6999969482422,18.36000061035156,62.52000045776367,4.461999893188477,0.011708356781588769
2025-06-03,308.9100036621094,4130.27001953125,1275881.726858899,99.25,17.690000534057617,63.40999984741211,4.460000038146973,0.006085100837466939
2025-06-04,310.8999938964844,4124.1201171875,1282188.9192619622,98.79000091552734,17.610000610351562,62.84999847412109,4.364999771118164,0.004943398961117618
2025-06-05,309.3299865722656,4106.919921875,1270393.484286964,98.73999786376952,18.479999542236328,63.369998931884766,4.394000053405762,-0.009199451654743451
2025-06-06,305.17999267578125,4104.5,1252611.279937744,99.19000244140624,16.770000457763672,64.58000183105469,4.510000228881836,-0.013997398891888002
2025-06-09,306.6199951171875,4117.85986328125,1262618.1711725593,98.94000244140624,17.15999984741211,65.29000091552734,4.48199987411499,0.007988824142883821
2025-06-10,306.7099914550781,4137.81005859375,1269107.6877140254,99.0500030517578,16.950000762939453,64.9800033569336,4.473999977111816,0.005139730038448143
2025-06-11,308.3699951171875,4201.25,1295539.441986084,98.62999725341795,17.260000228881836,68.1500015258789,4.412000179290772,0.020827038184339397
2025-06-12,312.20001220703125,4176.75,1303981.4009857178,97.91999816894533,18.020000457763672,68.04000091552734,4.35699987411499,0.006516172897593986
2025-06-13,316.2900085449219,4155.25,1314264.0580062866,98.18000030517578,20.81999969482422,72.9800033569336,4.423999786376953,0.007885585647767535
2025-06-16,311.7799987792969,4092.25048828125,1275881.8522409052,98.0,19.11000061035156,71.7699966430664,4.452000141143799,-0.02920433343022899
2025-06-17,311.94000244140625,4098.75,1278564.085006714,98.81999969482422,21.600000381469727,74.83999633789062,4.39300012588501,0.00210225794896135
2025-06-18,310.260009765625,4100.25,1272143.605041504,98.91000366210938,20.13999938964844,75.13999938964844,4.396999835968018,-0.0050216332841669375
2025-06-20,310.1300048828125,4082.0,1265950.6799316406,98.70999908447266,20.6200008392334,74.93000030517578,4.375,-0.004868102221573634
2025-06-23,311.0799865722656,4080.919921875,1269492.5144993665,98.41999816894533,19.82999992370605,68.51000213623047,4.320000171661377,0.0027977666301479687
2025-06-24,306.19000244140625,4082.25,1249944.137466431,97.86000061035156,17.479999542236328,64.37000274658203,4.293000221252441,-0.015398576052765955
2025-06-25,307.1199951171875,4076.550048828125,1251990.0310910642,97.68000030517578,16.760000228881836,64.91999816894531,4.293000221252441,0.001636788047808535
2025-06-26,306.7799987792969,4056.18994140625,1244357.9452732056,97.1500015258789,16.59000015258789,65.23999786376953,4.252999782562256,-0.006095963728407261
2025-06-27,301.2200012207031,4037.25,1216100.4499282837,97.4000015258789,16.31999969482422,65.5199966430664,4.2829999923706055,-0.022708494330156648
2025-06-30,304.8299865722656,4035.43994140625,1230123.1031520516,96.87999725341795,16.729999542236328,65.11000061035156,4.230000019073486,0.011530834664681633
2025-07-01,307.54998779296875,4087.75,1257187.462600708,96.81999969482422,16.829999923706055,65.44999694824219,4.250999927520752,0.02200134228786288
2025-07-02,309.25,4028.280029296875,1245745.5990600586,96.77999877929688,16.639999389648438,67.44999694824219,4.293000221252441,-0.009101159438052231
2025-07-03,307.1400146484375,3989.0,1225181.5184326172,97.18000030517578,16.3799991607666,67.0,4.3480000495910645,-0.016507447943590936
2025-07-07,307.3699951171875,3999.89990234375,1229449.2134526372,97.4800033569336,17.790000915527344,67.93000030517578,4.394999980926514,0.0034833165174412706
2025-07-08,304.1600036621094,4030.35009765625,1225871.300462708,97.51000213623048,16.809999465942383,68.33000183105469,4.414999961853027,-0.002910175508495594
2025-07-09,305.5199890136719,4049.8798828125,1237319.2573035655,97.47000122070312,15.9399995803833,68.37999725341797,4.3420000076293945,0.009338628644406821
2025-07-10,306.20001220703125,4021.5,1231383.3490905762,97.6500015258789,15.779999732971191,66.56999969482422,4.3460001945495605,-0.004797394187434856
2025-07-11,309.1400146484375,4013.949951171875,1240872.5467033684,97.8499984741211,16.399999618530273,68.44999694824219,4.422999858856201,0.007706127924988149
2025-07-14,308.010009765625,4011.669921875,1235634.4918131828,98.08000183105467,17.200000762939453,66.9800033569336,4.427000045776367,-0.0042212674493457
2025-07-15,306.7300109863281,4008.75,1229603.9315414429,98.62000274658205,17.3799991607666,66.5199966430664,4.488999843597412,-0.004880537336644508
2025-07-16,308.260009765625,4033.75,1243443.8143920898,98.38999938964844,17.15999984741211,66.37999725341797,4.454999923706055,0.011255561645201695
2025-07-17,307.5899963378906,4012.8798828125,1234321.7084586918,98.7300033569336,16.520000457763672,67.54000091552734,4.4629998207092285,-0.007336162541335067
2025-07-18,308.3900146484375,4020.409912109375,1239854.2716881337,98.4800033569336,16.40999984741211,67.33999633789062,4.432000160217285,0.004482270052878157
2025-07-21,313.1300048828125,4020.010009765625,1258785.7539868653,97.8499984741211,16.649999618530273,67.19999694824219,4.372000217437744,0.015269118904559065
2025-07-22,316.1000061035156,4033.590087890625,1275017.8514013067,97.38999938964844,16.5,66.20999908447266,4.335999965667725,0.012895043785672522
2025-07-23,312.17999267578125,4070.81005859375,1270825.4542762935,97.20999908447266,15.369999885559082,65.25,4.388000011444092,-0.0032881085707195945
2025-07-24,310.2699890136719,4036.300048828125,1252342.7718057856,97.37999725341795,15.390000343322754,66.02999877929688,4.4079999923706055,-0.014543840311282863
2025-07-25,307.3999938964844,4072.010009765625,1251735.8521483764,97.6500015258789,14.93000030517578,65.16000366210938,4.386000156402588,-0.00048462742874622045
2025-07-28,305.4100036621094,4063.7099609375,1241097.6740516722,98.66000366210938,15.029999732971191,66.70999908447266,4.420000076293945,-0.008498740431893581
2025-07-29,306.25,4173.58984375,1278161.8896484375,98.91000366210938,15.979999542236328,69.20999908447266,4.329999923706055,0.029864060155528227
2025-07-30,300.9599914550781,4134.75,1244394.3246688845,99.94000244140624,15.479999542236328,70.0,4.375999927520752,-0.026418848232785952
2025-07-31,302.9599914550781,4186.75,1268417.7442245483,100.02999877929688,16.719999313354492,69.26000213623047,4.360000133514404,0.019305311089437893
2025-08-01,309.1099853515625,4184.9599609375,1293612.9122222662,98.69000244140624,20.3799991607666,67.33000183105469,4.21999979019165,0.019863462264256615
2025-08-04,310.9100036621094,4122.419921875,1281701.593006909,98.77999877929688,17.520000457763672,66.29000091552734,4.199999809265137,-0.009207792456937591
2025-08-05,311.1600036621094,4096.89990234375,1274791.3886165768,98.77999877929688,17.850000381469727,65.16000366210938,4.196000099182129,-0.005391429977176343
2025-08-06,310.5,4088.5,1269479.25,98.18000030517578,16.770000457763672,64.3499984741211,4.21999979019165,-0.004167065030413752
2025-08-07,313.1199951171875,4043.570068359375,1266122.640060693,98.4000015258789,16.56999969482422,63.880001068115234,4.24399995803833,-0.0026440841308016383
2025-08-08,313.04998779296875,4045.25,1266365.4631195068,98.18000030517578,15.149999618530272,63.880001068115234,4.284999847412109,0.0001917847853998289
2025-08-11,308.54998779296875,4043.139892578125,1247510.7645002457,98.5199966430664,16.25,63.959999084472656,4.2729997634887695,-0.014888828832093526
2025-08-12,308.2699890136719,4027.7900390625,1241646.791091174,98.0999984741211,14.729999542236328,63.16999816894531,4.293000221252441,-0.004700539326745523
2025-08-13,309.2099914550781,4018.75,1242637.6531600952,97.83999633789062,14.489999771118164,62.650001525878906,4.23799991607666,0.0007980224940222769
2025-08-14,307.25,4021.75,1235682.6875,98.25,14.829999923706056,63.959999084472656,4.293000221252441,-0.005596937805971369
2025-08-15,307.42999267578125,4049.449951171875,1244922.3688297125,97.8499984741211,15.09000015258789,62.79999923706055,4.328000068664551,0.007477389966841663
2025-08-18,306.95001220703125,4045.159912109375,1241661.884401366,98.16999816894533,14.989999771118164,63.41999816894531,4.341000080108643,-0.0026190263023480043
2025-08-19,305.2699890136719,4013.25,1225124.783409119,98.2699966430664,15.56999969482422,62.34999847412109,4.302000045776367,-0.013318521893921353
2025-08-20,308.3599853515625,4031.8798828125,1243270.421603322,98.22000122070312,15.6899995803833,63.209999084472656,4.296000003814697,0.014811257138811484
2025-08-21,307.2900085449219,4024.949951171875,1236826.9048884884,98.62000274658205,16.600000381469727,63.52000045776367,4.329999923706055,-0.005182715363343138
2025-08-22,310.5799865722656,4032.699951171875,1252475.8966849372,97.72000122070312,14.220000267028809,63.65999984741211,4.260000228881836,0.012652531841438108
2025-08-25,309.8299865722656,3984.860107421875,1234629.1535748765,98.43000030517578,14.789999961853027,64.80000305175781,4.275000095367432,-0.014249170908037123
2025-08-26,312.0799865722656,4024.0,1255809.8659667969,98.2300033569336,14.619999885559082,63.25,4.257999897003174,0.01715552587640712
2025-08-27,312.7099914550781,4053.3701171875,1267529.334709972,98.2300033569336,14.850000381469728,64.1500015258789,4.23799991607666,0.0093321999299254
2025-08-28,315.0299987792969,4027.360107421875,1268739.2497249022,97.80999755859376,14.43000030517578,64.5999984741211,4.206999778747559,0.0009545459673381274
2025-08-29,318.07000732421875,4024.800048828125,1280168.1810092777,97.7699966430664,15.359999656677246,64.01000213623047,4.227000236511231,0.009008100984385647
2025-09-02,325.5899963378906,4013.35009765625,1306706.6435985714,98.4000015258789,17.170000076293945,65.58999633789062,4.276999950408936,0.02073045009474539
2025-09-03,328.1400146484375,4003.39990234375,1313675.7025986314,98.13999938964844,16.350000381469727,63.970001220703125,4.210999965667725,0.005333300350312431
2025-09-04,326.69000244140625,4004.25,1308148.442276001,98.3499984741211,15.300000190734863,63.47999954223633,4.176000118255615,-0.004207477014073313
2025-09-05,331.04998779296875,3985.25,1319316.9638519287,97.7699966430664,15.18000030517578,61.869998931884766,4.085999965667725,0.008537656136711869
2025-09-08,334.82000732421875,3966.489990234375,1328060.2075817138,97.4499969482422,15.109999656677246,62.2599983215332,4.046000003814697,0.006627098695265676
2025-09-09,334.0599975585937,3938.25,1315611.7853851316,97.79000091552734,15.039999961853027,62.630001068115234,4.073999881744385,-0.00937338693345069
2025-09-10,335.260009765625,3921.75,1314805.9432983398,97.77999877929688,15.350000381469728,63.66999816894531,4.0320000648498535,-0.0006125227029308844
2025-09-11,334.760009765625,3922.3798828125,1313055.9278748035,97.54000091552734,14.710000038146973,62.369998931884766,4.011000156402588,-0.0013310066268381604
2025-09-12,335.4200134277344,3894.52001953125,1306299.9572457522,97.5500030517578,14.760000228881836,62.68999862670898,4.060999870300293,-0.0051452268602038
2025-09-15,338.9100036621094,3851.14453125,1305191.40718925,97.3000030517578,15.6899995803833,63.29999923706055,4.033999919891357,-0.0008486183057370145
2025-09-16,339.5899963378906,3906.320068359375,1326547.2177087888,96.62999725341795,16.360000610351562,64.5199966430664,4.026000022888184,0.01636220588176318
2025-09-17,336.9700012207031,3865.8798828125,1302685.5488304198,96.87000274658205,15.720000267028809,64.05000305175781,4.076000213623047,-0.01798780213762985
2025-09-18,335.6199951171875,3875.590087890625,1300725.5263740718,97.3499984741211,15.699999809265137,63.56999969482422,4.104000091552734,-0.0015046013660838797
2025-09-19,339.17999267578125,3892.5,1320258.1214904785,97.63999938964844,15.449999809265137,62.68000030517578,4.138999938964844,0.015016692392326725
2025-09-22,345.04998779296875,3898.89990234375,1345315.363709718,97.33000183105467,16.100000381469727,62.63999938964844,4.14300012588501,0.018979047969007512
2025-09-23,346.4599914550781,3851.199951171875,1334286.702174805,97.26000213623048,16.639999389648438,63.40999984741211,4.119999885559082,-0.008197826199279556
2025-09-24,343.32000732421875,3860.25,1325301.0582733154,97.87000274658205,16.18000030517578,64.98999786376953,4.146999835968018,-0.006734417638160961
2025-09-25,344.75,3885.239990234375,1339436.4866333008,98.5500030517578,16.739999771118164,64.9800033569336,4.171999931335449,0.010665824396459689
2025-09-26,346.739990234375,3900.25,1352372.646911621,98.1500015258789,15.289999961853027,65.72000122070312,4.186999797821045,0.009657912418703507
2025-09-29,352.4599914550781,3899.360107421875,1374368.4301421866,97.91000366210938,16.1200008392334,63.45000076293945,4.140999794006348,0.016264587486885862
2025-09-30,355.4700012207031,3919.0,1393086.9347839355,97.7699966430664,16.280000686645508,62.369998931884766,4.1479997634887695,0.013619713776321651
2025-10-01,356.0299987792969,3924.75,1397328.7377090454,97.70999908447266,16.290000915527344,61.77999877929688,4.105999946594238,0.0030448946287531253
2025-10-02,354.7900085449219,3878.760009765625,1376145.297008447,97.8499984741211,16.6299991607666,60.47999954223633,4.0879998207092285,-0.015159954940402232
2025-10-03,357.6400146484375,3884.1298828125,1389120.2681854963,97.72000122070312,16.649999618530273,60.880001068115234,4.11899995803833,0.009428489277444108
2025-10-06,364.3800048828125,3882.409912109375,1414672.5427314937,98.11000061035156,16.3700008392334,61.68999862670898,4.162000179290772,0.018394573264253422
2025-10-07,366.260009765625,3861.949951171875,1414477.826830566,98.58000183105467,17.239999771118164,61.72999954223633,4.126999855041504,-0.0001376402630617335
2025-10-08,372.2999877929688,3874.75,1442569.377700806,98.8499984741211,16.299999237060547,62.54999923706055,4.129000186920166,0.019860015008637433
2025-10-09,365.4299926757813,3887.5,1420609.0965270998,99.54000091552734,16.43000030517578,61.5099983215332,4.1479997634887695,-0.015223032952984772
2025-10-10,369.1199951171875,3887.8798828125,1435094.2033599615,98.9800033569336,21.65999984741211,58.900001525878906,4.051000118255615,0.010196405801055963
2025-10-13,378.0899963378906,3872.22998046875,1464051.4191349,99.2699966430664,19.030000686645508,59.4900016784668,4.051000118255615,0.020177919823758828
2025-10-14,380.7900085449219,3884.552734375,1479198.868915856,99.0500030517578,20.809999465942383,58.70000076293945,4.021999835968018,0.01034625531793587
2025-10-15,387.3900146484375,3923.5,1519924.7224731443,98.79000091552734,20.63999938964844,58.27000045776367,4.046000003814697,0.027532372024552387
2025-10-16,396.4500122070313,3889.699951171875,1542071.593123779,98.38999938964844,25.309999465942383,57.459999084472656,3.9760000705718994,0.01457103126436321
2025-10-17,388.989990234375,3860.75,1501793.1047973633,98.43000030517578,20.780000686645508,57.540000915527344,4.006999969482422,-0.02611972654578465
2025-10-20,403.1499938964844,3854.9599609375,1554127.0847231448,98.58999633789062,18.229999542236328,57.52000045776367,3.986000061035156,0.03484766294278785
2025-10-21,377.239990234375,3881.75,1464351.3320922852,98.93000030517578,17.8700008392334,57.81999969482422,3.963000059127808,-0.05776603053466023
2025-10-22,377.2799987792969,3882.0,1464600.9552612305,98.9000015258789,18.600000381469727,58.5,3.953000068664551,0.00017046672029774612
2025-10-23,378.7900085449219,3909.449951171875,1480860.580410339,98.94000244140624,17.299999237060547,61.790000915527344,3.990999937057495,0.011101744192300034
2025-10-24,377.5199890136719,3878.550048828125,1464230.1718225705,98.9499969482422,16.3700008392334,61.5,3.996999979019165,-0.011230232479522262
2025-10-27,367.010009765625,3838.461181640625,1408753.6757588985,98.77999877929688,15.789999961853027,61.310001373291016,3.996999979019165,-0.037887824695361116
2025-10-28,364.3800048828125,3843.6298828125,1400541.8754669428,98.69000244140624,16.420000076293945,60.150001525878906,3.983000040054321,-0.005829124305590128
2025-10-29,363.0,3887.469970703125,1411151.5993652344,99.22000122070312,16.920000076293945,60.47999954223633,4.058000087738037,0.007575442108615382
2025-10-30,370.1300048828125,3875.75,1434531.3664245603,99.52999877929688,16.90999984741211,60.56999969482422,4.0929999351501465,0.016567863488120338
2025-10-31,368.1199951171875,3858.449951171875,1420372.577185303,99.8000030517578,17.440000534057617,60.97999954223633,4.10099983215332,-0.009869975359651284
2025-11-03,368.7799987792969,3808.69873046875,1404571.9131729752,99.87000274658205,17.170000076293945,61.04999923706055,4.105999946594238,-0.01112430940031195
2025-11-04,362.3200073242188,3855.0,1396743.6282348635,100.22000122070312,19.0,60.560001373291016,4.089000225067139,-0.005573431210387336
2025-11-05,366.510009765625,3860.239990234375,1414816.596518457,100.1999969482422,18.010000228881836,59.59999847412109,4.1570000648498535,0.012939359749529089
2025-11-06,366.0700073242188,3832.75,1403054.8205718996,99.7300033569336,19.5,59.43000030517578,4.0929999351501465,-0.008313286665918684
2025-11-07,368.30999755859375,3784.14990234375,1393740.241293579,99.5999984741211,19.07999992370605,59.75,4.0929999351501465,-0.006638784986693458
2025-11-10,378.3800048828125,3737.105712890625,1414046.0778911412,99.62000274658205,17.600000381469727,60.130001068115234,4.110000133514404,0.014569312125705336
2025-11-11,379.8699951171875,3751.969970703125,1425260.8144508302,99.45999908447266,17.280000686645508,61.040000915527344,4.119999885559082,0.007930955528984152
2025-11-12,385.989990234375,3756.780029296875,1450079.4868209958,99.4800033569336,17.510000228881836,58.4900016784668,4.065000057220459,0.017413425050718523
2025-11-13,382.8699951171875,3705.0,1418533.3319091797,99.18000030517578,20.0,58.68999862670898,4.111999988555908,-0.021754776340554005
2025-11-14,375.9599914550781,3746.820068359375,1408654.440884106,99.2699966430664,19.82999992370605,60.09000015258789,4.1479997634887695,-0.006964158545205157
2025-11-17,371.6499938964844,3701.26025390625,1375573.350773558,99.58999633789062,22.3799991607666,59.90999984741211,4.132999897003174,-0.02348417692119409
2025-11-18,374.3500061035156,3754.5,1405497.0979156494,99.5500030517578,24.690000534057617,60.7400016784668,4.123000144958496,0.021753654303686254
2025-11-19,374.9599914550781,3719.800048828125,1394776.194523193,100.2300033569336,23.65999984741211,59.43999862670898,4.132999897003174,-0.0076278374450972075
2025-11-20,374.8500061035156,3712.25,1391536.935157776,100.16000366210938,26.420000076293945,59.13999938964844,4.105999946594238,-0.0023224223198935467
2025-11-21,374.2699890136719,3762.169921875,1408067.295327723,100.18000030517578,23.43000030517578,58.060001373291016,4.063000202178955,0.011879210499053494
2025-11-24,380.2000122070313,3717.585693359375,1413426.125995919,100.13999938964844,20.520000457763672,58.84000015258789,4.038000106811523,0.003805805792079564
2025-11-25,380.0799865722656,3791.25,1440978.249092102,99.66000366210938,18.559999465942383,57.95000076293945,4.001999855041504,0.01949314689281656
2025-11-26,383.1199951171875,3802.89990234375,1456966.9920170903,99.5999984741211,17.190000534057617,58.650001525878906,3.997999906539917,0.011095755911001426
2025-11-28,387.8800048828125,3743.8798828125,1452176.147225976,99.45999908447266,16.350000381469727,58.54999923706055,4.017000198364258,-0.0032882315229953996
2025-12-01,389.75,3691.856689453125,1438901.1447143557,99.41000366210938,17.239999771118164,59.31999969482422,4.0960001945495605,-0.009141454731217635
2025-12-02,387.239990234375,3808.39990234375,1474764.7409921885,99.36000061035156,16.59000015258789,58.63999938964844,4.085999965667725,0.024924294771446753
2025-12-03,386.8800048828125,3816.25,1476430.8186340332,98.8499984741211,16.079999923706055,58.95000076293945,4.057000160217285,0.001129724352322059
2025-12-04,387.1300048828125,3768.14990234375,1458763.8900935054,98.98999786376952,15.779999732971191,59.66999816894531,4.107999801635742,-0.0119659711227601
2025-12-05,386.4400024414063,3795.239990234375,1466632.5510918947,98.98999786376952,15.40999984741211,60.08000183105469,4.138999938964844,0.005394060719370319
2025-12-08,385.4200134277344,3755.67138671875,1447510.9162992984,99.08999633789062,16.65999984741211,58.880001068115234,4.171999931335449,-0.013037781534550374
2025-12-09,387.3999938964844,3840.860107421875,1487949.1821724847,99.22000122070312,16.93000030517578,58.25,4.185999870300293,0.027936415137075787
2025-12-10,389.0499877929688,3856.6298828125,1500421.808830202,98.79000091552734,15.770000457763672,58.459999084472656,4.164000034332275,0.008382427845759377
2025-12-11,393.239990234375,3840.030029296875,1510053.37122041,98.3499984741211,14.850000381469728,57.59999847412109,4.140999794006348,0.006419236466388867
2025-12-12,395.4400024414063,3801.5,1503265.169281006,98.4000015258789,15.739999771118164,57.43999862670898,4.193999767303467,-0.004495339084550243
2025-12-15,395.7999877929688,3759.907958984375,1488171.524268702,98.1500015258789,16.5,56.81999969482422,4.182000160217285,-0.01004057389257762
2025-12-16,395.8900146484375,3818.070068359375,1511535.8152915535,98.1500015258789,16.479999542236328,55.27000045776367,4.14900016784668,0.015699998717777497
2025-12-17,399.2900085449219,3839.22998046875,1532966.1717072874,98.37000274658205,17.6200008392334,55.93999862670898,4.151000022888184,0.014177868760324674
2025-12-18,398.5700073242188,3863.75,1539974.8657989504,98.43000030517578,16.8700008392334,56.150001525878906,4.116000175476074,0.004571982227016269
2025-12-19,399.0199890136719,3861.9599609375,1540999.221184522,98.5999984741211,14.90999984741211,56.65999984741211,4.151000022888184,0.0006651766910754642
2025-12-22,408.2300109863281,3817.51416015625,1558423.8475410491,98.29000091552734,14.079999923706056,58.0099983215332,4.169000148773193,0.011307355718929823
2025-12-23,413.6400146484375,3801.2099609375,1572332.543923974,97.94000244140624,14.0,58.380001068115234,4.169000148773193,0.008924848272099162
2025-12-24,411.9299926757813,3754.330078125,1546521.1615844967,97.9800033569336,13.470000267028809,58.34999847412109,4.136000156402588,-0.016415981745859787
2025-12-26,416.739990234375,3742.050048828125,1559461.9008051753,98.0199966430664,13.600000381469728,56.7400016784668,4.136000156402588,0.008367644453969314
2025-12-29,398.6000061035156,3695.25,1472926.672554016,98.04000091552734,14.199999809265137,58.08000183105469,4.116000175476074,-0.05549044077734744
2025-12-30,398.8900146484375,3729.39990234375,1487620.3816757798,98.23999786376952,14.329999923706056,57.95000076293945,4.130000114440918,0.009975859216593053
2025-12-31,396.30999755859375,3740.4599609375,1482381.6779871583,98.27999877929688,14.949999809265137,57.41999816894531,4.163000106811523,-0.0035215326121844637
2026-01-02,398.2799987792969,3768.2099609375,1500802.6586423218,98.41999816894533,14.510000228881836,57.31999969482422,4.186999797821045,0.012426611127693166
2026-01-05,408.760009765625,3731.327392578125,1525217.4214289784,98.2699966430664,14.899999618530272,58.31999969482422,4.164999961853027,0.016267803529041558
2026-01-06,413.1799926757813,3748.3701171875,1548751.5375656488,98.58000183105467,14.75,57.130001068115234,4.178999900817871,0.015430007424529046
2026-01-07,409.2300109863281,3711.2900390625,1518771.263458997,98.68000030517578,15.380000114440918,55.9900016784668,4.138000011444092,-0.01935770417621363
2026-01-08,411.489990234375,3750.75,1543396.080871582,98.93000030517578,15.449999809265137,57.7599983215332,4.183000087738037,0.01621364454611962
2026-01-09,414.4700012207031,3713.510009765625,1539138.498280652,99.12999725341795,14.489999771118164,59.119998931884766,4.171000003814697,-0.0027585806674625957
2026-01-12,422.2300109863281,3670.43359375,1549767.2166136503,98.86000061035156,15.119999885559082,59.5,4.186999797821045,0.006905628275084563
2026-01-13,421.6300048828125,3713.639892578125,1565782.006040722,99.12999725341795,15.979999542236328,61.150001525878906,4.171000003814697,0.010333674151441263
2026-01-14,425.9400024414063,3684.860107421875,1569529.3231515142,99.12999725341795,16.75,62.02000045776367,4.139999866485596,0.0023932559553854205
2026-01-15,423.3299865722656,3671.7900390625,1554378.8279325068,99.31999969482422,15.84000015258789,59.18999862670898,4.159999847412109,-0.0096528908351875
2026-01-16,421.2900085449219,3684.110107421875,1552078.7786361948,99.38999938964844,15.859999656677246,59.43999862670898,4.230999946594238,-0.0014797224814052656
2026-01-20,437.2300109863281,3675.5,1607038.905380249,98.63999938964844,20.09000015258789,60.34000015258789,4.295000076293945,0.035410655374302324
2026-01-21,443.6000061035156,3674.699951171875,1630096.9207684323,98.76000213623048,16.899999618530273,60.619998931884766,4.252999782562256,0.014348137628147573
2026-01-22,451.7900085449219,3673.169921875,1659501.4703908565,98.36000061035156,15.640000343322754,59.36000061035156,4.249000072479248,0.018038528413735433
2026-01-23,458.0,3610.72998046875,1653714.3310546875,97.5999984741211,16.09000015258789,61.06999969482422,4.238999843597412,-0.0034872758110939817
2026-01-26,464.7000122070313,3533.49951171875,1642017.2662292423,97.04000091552734,16.149999618530273,60.630001068115234,4.2129998207092285,-0.007073207630718836
2026-01-27,476.1000061035156,3681.18994140625,1752614.553571716,96.22000122070312,16.350000381469727,62.38999938964844,4.2230000495910645,0.06735452154924726
2026-01-28,494.55999755859375,3652.9599609375,1806607.8693628907,96.4499969482422,16.350000381469727,63.209999084472656,4.250999927520752,0.030807296265536355
2026-01-29,495.8999938964844,3668.610107421875,1819263.7298790887,96.27999877929688,16.8799991607666,65.41999816894531,4.227000236511231,0.007005316832070063
2026-01-30,444.9500122070313,3652.280029296875,1625082.0436191412,96.98999786376952,17.440000534057617,65.20999908447266,4.241000175476074,-0.10673641378694065
2026-02-02,427.1300048828125,3627.567626953125,1549442.9782132208,97.61000061035156,16.34000015258789,62.13999938964844,4.275000095367432,-0.046544767202933546
2026-02-03,454.2900085449219,3619.820068359375,1644448.0897860602,97.44000244140624,18.0,63.209999084472656,4.27400016784668,0.06131565530884964
2026-02-04,453.9700012207031,3644.7099609375,1654588.9854159057,97.62000274658205,18.63999938964844,65.13999938964844,4.275000095367432,0.006166747185777588
2026-02-05,441.8800048828125,3628.219970703125,1603237.8583702147,97.81999969482422,21.770000457763672,63.290000915527344,4.210000038146973,-0.03103557892522968
2026-02-06,455.4599914550781,3698.64990234375,1684587.05291681,97.62999725341795,20.3700008392334,63.54999923706055,4.205999851226807,0.050740564864961035
2026-02-09,467.0299987792969,3657.237060546875,1708039.4199228063,96.81999969482422,17.360000610351562,64.36000061035156,4.197999954223633,0.013921730530570997
2026-02-10,462.3999938964844,3668.260009765625,1696203.4061263427,96.8000030517578,17.790000915527344,63.959999084472656,4.146999835968018,-0.006929590534273777
2026-02-11,467.6300048828125,3663.719970703125,1713265.38778916,96.83000183105467,17.649999618530273,64.62999725341797,4.171999931335449,0.010058924301880934
2026-02-12,451.3900146484375,3669.530029296875,1656389.2136771977,96.93000030517578,20.81999969482422,62.84000015258789,4.104000091552734,-0.033197527083271505
2026-02-13,462.6199951171875,3668.0,1696890.1420898438,96.87999725341795,20.600000381469727,62.88999938964844,4.056000232696533,0.024451335518379524
2026-02-17,448.2000122070313,3656.070068359375,1638650.6492684337,97.16000366210938,20.290000915527344,62.33000183105469,4.052000045776367,-0.03432131012894202
2026-02-18,458.2799987792969,3663.75,1679023.345527649,97.6999969482422,19.6200008392334,65.19000244140625,4.078999996185303,0.024637769055435577
2026-02-19,459.55999755859375,3678.280029296875,1690390.361283496,97.93000030517578,20.229999542236328,66.43000030517578,4.074999809265137,0.0067700165016317815
2026-02-20,468.6199951171875,3698.7900390625,1733326.9700449705,97.8000030517578,19.09000015258789,66.38999938964844,4.085999965667725,0.025400410310475907
2026-02-23,481.2799987792969,3647.34814453125,1755395.7105476707,97.6999969482422,21.01000022888184,66.30999755859375,4.02899980545044,0.012732012415480831
2026-02-24,474.6099853515625,3691.93994140625,1752231.5615096688,97.87999725341795,19.549999237060547,65.62999725341797,4.0329999923706055,-0.0018025274979250883
2026-02-25,473.4200134277344,3710.110107421875,1756440.376874037,97.6999969482422,17.93000030517578,65.41999816894531,4.047999858856201,0.002401974406134988
2026-02-26,477.4800109863281,3697.68994140625,1765573.0338466913,97.79000091552734,18.6299991607666,65.20999908447266,4.017000198364258,0.005199525752708878
2026-02-27,483.75,3764.2900390625,1820975.3063964844,97.61000061035156,19.86000061035156,67.0199966430664,3.961999893188477,0.031379201815904034
2026-03-02,490.0,3716.570068359375,1821119.3334960933,98.37999725341795,21.440000534057617,71.2300033569336,4.047999858856201,7.909338424472168e-05
2026-03-03,468.1400146484375,3770.800048828125,1765262.3900947273,99.0500030517578,23.56999969482422,74.55999755859375,4.056000232696533,-0.03067176454281806
2026-03-04,471.7999877929688,3801.260009765625,1793434.4262053224,98.7699966430664,21.14999961853028,74.66000366210938,4.079999923706055,0.015959121017178335
2026-03-05,466.1300048828125,3759.110107421875,1752234.0127275884,99.31999969482422,23.75,81.01000213623047,4.145999908447266,-0.022972913241611437
2026-03-06,473.510009765625,3788.47998046875,1793883.1925486326,98.98999786376952,29.489999771118164,90.9000015258789,4.132999897003174,0.023769188087047644
2026-03-09,472.5299987792969,3711.901611328125,1753984.863869749,99.18000030517578,25.5,94.7699966430664,4.136000156402588,-0.022241319192136788
2026-03-10,477.8599853515625,3761.830078125,1797628.0660278797,98.83000183105467,24.93000030517578,83.44999694824219,4.136000156402588,0.024882314013726647
2026-03-11,476.239990234375,3709.070068359375,1766407.4931340814,99.2300033569336,24.229999542236328,87.25,4.208000183105469,-0.017367648783312983
2026-03-12,466.8800048828125,3703.429931640625,1729057.384567529,99.73999786376952,27.290000915527344,95.7300033569336,4.2729997634887695,-0.021144672852515645
2026-03-13,460.8399963378906,3692.56005859375,1701679.363879785,100.36000061035156,27.190000534057617,98.70999908447266,4.284999847412109,-0.01583407290706651
2026-03-16,460.4299926757813,3638.606689453125,1675323.6513749512,99.70999908447266,23.51000022888184,93.5,4.21999979019165,-0.015488060244641666
2026-03-17,459.2699890136719,3702.239990234375,1700327.719640918,99.58000183105467,22.3700008392334,96.20999908447266,4.202000141143799,0.014924918086989258
2026-03-18,444.739990234375,3699.389892578125,1645266.624698341,100.08999633789062,25.09000015258789,96.31999969482422,4.258999824523926,-0.0323826367744009
2026-03-19,426.4100036621094,3704.31005859375,1579554.8656505495,99.2300033569336,24.059999465942383,96.13999938964844,4.281000137329102,-0.03993988455204922
2026-03-20,413.3800048828125,3690.949951171875,1525764.9088376462,99.6500015258789,26.780000686645508,98.31999969482422,4.390999794006348,-0.034053870481257076
2026-03-23,404.0400085449219,3626.27783203125,1465161.326240167,98.9499969482422,26.14999961853028,88.12999725341797,4.334000110626221,-0.03972013135604757
2026-03-24,404.1300048828125,3709.570068359375,1499148.569839209,99.43000030517578,26.950000762939453,92.3499984741211,4.392000198364258,0.023196929232536245
2026-03-25,416.2900085449219,3703.22998046875,1541617.6402131468,99.5999984741211,25.32999992370605,90.31999969482422,4.328000068664551,0.028328793575471023
2026-03-26,400.6400146484375,3698.919921875,1481935.3316833973,99.9000015258789,27.440000534057617,94.4800033569336,4.415999889373779,-0.03871407992029574
2026-03-27,414.7000122070313,3687.340087890625,1529139.979459718,100.1500015258789,31.049999237060547,99.63999938964844,4.440000057220459,0.031853379001834714
2026-03-30,414.5799865722656,3672.280029296875,1522453.8052354977,100.51000213623048,30.61000061035156,102.87999725341795,4.3420000076293945,-0.004372506319913816
2026-03-31,430.2900085449219,3675.239990234375,1581419.0468025878,99.95999908447266,25.25,101.37999725341795,4.310999870300293,0.03873039783822496
2026-04-01,437.8200073242188,3681.830078125,1611978.8717712166,99.6500015258789,24.540000915527344,100.12000274658205,4.318999767303467,0.01932430561679177
2026-04-02,429.4100036621094,3671.669921875,1576651.7945984006,100.02999877929688,23.8700008392334,111.54000091552734,4.313000202178955,-0.021915347521893502
2026-04-06,427.6499938964844,3666.669921875,1568051.3697102666,99.9800033569336,24.170000076293945,112.41000366210938,4.335000038146973,-0.005454866393200475
2026-04-07,431.80999755859375,3681.449951171875,1589686.8944276124,99.63999938964844,25.780000686645508,112.9499969482422,4.3429999351501465,0.013797714242833381
2026-04-08,434.5299987792969,3689.429931640625,1603167.983692102,99.12999725341795,21.040000915527344,94.41000366210938,4.290999889373779,0.008480342457212853
2026-04-09,437.9100036621094,3645.429931640625,1596370.2347147092,98.81999969482422,19.489999771118164,97.87000274658205,4.293000221252441,-0.004240197562913828
2026-04-10,437.1300048828125,3653.090087890625,1596875.2879569829,98.6500015258789,19.229999542236328,96.56999969482422,4.316999912261963,0.0003163760080779898
2026-04-13,435.3599853515625,3643.7099609375,1586325.5152190924,98.37000274658205,19.1200008392334,99.08000183105467,4.296999931335449,-0.00660651011225033
2026-04-14,445.0899963378906,3598.22998046875,1601536.1688297242,98.12000274658205,18.36000061035156,91.27999877929688,4.25600004196167,0.009588608053455516
2026-04-15,440.4599914550781,3595.010009765625,1583458.0781822875,98.05999755859376,18.170000076293945,91.29000091552734,4.2820000648498535,-0.011287969013304755
2026-04-16,440.0799865722656,3615.14990234375,1590955.120480165,98.22000122070312,17.940000534057617,94.69000244140624,4.309000015258789,0.004734601061547217
2026-04-17,445.9299926757813,3613.030029296875,1611158.4545017334,98.0999984741211,17.479999542236328,83.8499984741211,4.245999813079834,0.01269887111301471
2026-04-20,442.0899963378906,3603.8701171875,1593234.926909655,98.0500030517578,18.8700008392334,89.61000061035156,4.25,-0.011124621257454947
2026-04-21,429.5700073242188,3578.639892578125,1537276.3648655268,98.41000366210938,19.5,92.12999725341795,4.291999816894531,-0.03512260564904213
2026-04-22,435.260009765625,3584.510009765625,1560193.8618555665,98.58999633789062,18.920000076293945,92.95999908447266,4.294000148773193,0.014907857502931332
2026-04-23,431.0400085449219,3572.97998046875,1540097.3213120848,98.8000030517578,19.309999465942383,95.8499984741211,4.322999954223633,-0.012880797082216788
2026-04-24,433.25,3565.64990234375,1544817.8201904297,98.51000213623048,18.709999084472656,94.4000015258789,4.309999942779541,0.003065065313095472
2026-04-27,429.8900146484375,3552.72998046875,1527283.143345654,98.4800033569336,18.020000457763672,96.37000274658205,4.335999965667725,-0.011350643820650763
2026-04-28,421.9100036621094,3621.8701171875,1528103.2344062626,98.62000274658205,17.829999923706055,99.93000030517578,4.354000091552734,0.0005369607228244977
2026-04-29,417.4100036621094,3610.199951171875,1506933.5748395994,98.91999816894533,18.809999465942383,106.87999725341795,4.418000221252441,-0.013853553274421615
2026-04-30,423.6600036621094,3633.969970703125,1539567.7310960814,98.08000183105467,16.889999389648438,105.06999969482422,4.389999866485596,0.02165600183137184
2026-05-01,423.1799926757813,3655.080078125,1546756.7606903317,98.20999908447266,16.989999771118164,101.94000244140624,4.377999782562256,0.004669511739592069
2026-05-04,414.7099914550781,3655.550048828125,1515993.129513122,98.47000122070312,18.290000915527344,106.41999816894533,4.446000099182129,-0.019889120228237855
2026-05-05,418.2699890136719,3727.8798828125,1559260.2776282728,98.4800033569336,17.3799991607666,102.2699966430664,4.415999889373779,0.028540464513217456
2026-05-06,430.9599914550781,3712.85009765625,1600089.8463599237,98.0199966430664,17.389999389648438,95.08000183105467,4.355999946594238,0.026185217001586825
2026-05-07,431.6799926757813,3725.06005859375,1608033.8988105955,98.25,17.079999923706055,94.80999755859376,4.392000198364258,0.004964753990998716
2026-05-08,433.7699890136719,3737.929931640625,1621401.8253816292,97.83999633789062,17.190000534057617,95.41999816894533,4.363999843597412,0.008313211917311936
2026-05-11,434.6499938964844,3748.7099609375,1629376.7616411746,97.94000244140624,18.3799991607666,98.06999969482422,4.409999847412109,0.0049185440245007594
2026-05-12,432.9299926757813,3760.360107421875,1627972.6737644526,98.29000091552734,17.989999771118164,102.18000030517578,4.4629998207092285,-0.0008617330931538492
2026-05-13,430.5,3786.260009765625,1629984.9342041016,98.4800033569336,17.8700008392334,101.0199966430664,4.480999946594238,0.0012360529584294344
2026-05-14,427.2099914550781,3792.6201171875,1620245.2078560293,98.87999725341795,17.260000228881836,101.16999816894533,4.460999965667725,-0.00597534746713968
2026-05-15,417.2900085449219,3787.97998046875,1580686.1984177977,99.2699966430664,18.43000030517578,105.41999816894533,4.59499979019165,-0.024415446036453736
2026-05-18,418.4299926757813,3797.360107421875,1588929.3619358393,98.97000122070312,17.81999969482422,108.66000366210938,4.623000144958496,0.005214927242543466
2026-05-19,411.5,3797.6201171875,1562720.6782226562,99.3000030517578,18.059999465942383,107.7699966430664,4.666999816894531,-0.016494555605198302
2026-05-20,417.3999938964844,3792.75,1583093.826850891,99.11000061035156,17.440000534057617,98.26000213623048,4.572000026702881,0.013036973857289746
2026-05-21,416.989990234375,3724.85009765625,1553225.2058461905,99.19000244140624,16.760000228881836,96.3499984741211,4.585999965667725,-0.01886724620998348
2026-05-22,413.8200073242188,3690.830078125,1527339.3299621346,99.31999969482422,16.700000762939453,96.5999984741211,4.558000087738037,-0.01666588707588823
2026-05-26,414.0,3632.610107421875,1503900.5844726562,99.16999816894533,17.010000228881836,93.88999938964844,4.493000030517578,-0.015346128414083005
2026-05-27,408.489990234375,3672.18994140625,1500052.8333038092,99.20999908447266,16.290000915527344,88.68000030517578,4.480999946594238,-0.0025585143117663467
2026-05-28,412.7699890136719,3635.659912109375,1500691.301978834,99.0199966430664,15.739999771118164,88.9000015258789,4.454999923706055,0.0004256307916958857
2026-05-29,417.1199951171875,3651.300048828125,1523030.258538574,98.91000366210938,15.31999969482422,87.36000061035156,4.453000068664551,0.01488577732827756
2026-06-01,411.260009765625,3679.300048828125,1513148.9740117192,99.1999969482422,16.049999237060547,92.16000366210938,4.474999904632568,-0.0064879108418609555
2026-06-02,411.9500122070313,3565.52001953125,1468816.015570313,99.22000122070312,15.770000457763672,93.76000213623048,4.454999923706055,-0.029298475697253412
2026-06-03,407.8699951171875,3587.260009765625,1463135.7226671877,99.52999877929688,16.059999465942383,96.0199966430664,4.491000175476074,-0.0038672596451229113
2026-06-04,411.2699890136719,3575.070068359375,1470319.0277372673,99.41000366210938,15.399999618530272,93.04000091552734,4.477000236511231,0.0049095275023325335
2026-06-05,396.239990234375,3577.669921875,1417615.8949055672,100.06999969482422,21.51000022888184,90.54000091552734,4.535999774932861,-0.035844692095705954
2026-06-08,397.2699890136719,3604.260009765625,1431864.3344820067,100.0500030517578,18.920000076293945,91.3000030517578,4.552000045776367,0.010050987455518579
2026-06-09,390.7799987792969,3593.070068359375,1404099.9169274047,99.91000366210938,19.8700008392334,88.19999694824219,4.527999877929688,-0.019390396761747808
2026-06-10,374.5799865722656,3574.93994140625,1339100.9552486092,99.9499969482422,22.21999931335449,90.02999877929688,4.541999816894531,-0.04629226232064232
2026-06-11,386.3200073242188,3558.669921875,1374785.3902832272,99.86000061035156,19.440000534057617,87.70999908447266,4.4629998207092285,0.026648054349265315
2026-06-12,386.5400085449219,3500.1298828125,1352940.2348106802,99.75,17.68000030517578,84.87999725341797,4.486999988555908,-0.015889865885210352
2026-06-15,396.5499877929688,3490.780029296875,1384268.778005615,99.62999725341795,16.200000762939453,80.75,4.468999862670898,0.023155895869501508
2026-06-16,397.6300048828125,3489.699951171875,1387609.4086240232,99.54000091552734,16.40999984741211,76.05000305175781,4.427999973297119,0.0024132817784281446
2026-06-17,388.6000061035156,3433.39990234375,1334219.2230065912,100.08999633789062,18.440000534057617,76.79000091552734,4.4629998207092285,-0.03847637907728996
2026-06-18,387.1199951171875,3458.800048828125,1338970.6580136716,100.8499984741211,16.399999618530273,76.5999984741211,4.451000213623047,0.0035612101258541973
2026-06-22,384.5899963378906,3445.18994140625,1324985.5869487673,101.0199966430664,17.280000686645508,74.81999969482422,4.508999824523926,-0.010444643414106447
2026-06-23,377.3200073242188,3443.300048828125,1299225.9996433111,101.41000366210938,19.489999771118164,73.20999908447266,4.493000030517578,-0.019441409445650204
2026-06-24,365.9200134277344,3428.93994140625,1254717.7494022695,101.61000061035156,18.6299991607666,70.33999633789062,4.401999950408936,-0.0342575119750228
2026-06-25,369.4599914550781,3442.679931640625,1271932.4981265145,101.43000030517578,18.88999938964844,71.91999816894531,4.392000198364258,0.013720016898179699
2026-06-26,373.6300048828125,3445.7900390625,1287450.5491200686,101.36000061035156,18.40999984741211,69.2300033569336,4.372000217437744,0.012200373067290382
2026-06-29,368.5799865722656,3437.89990234375,1267141.099842653,101.11000061035156,17.649999618530273,70.75,4.374000072479248,-0.01577493542668218
2026-06-30,368.3800048828125,3443.25,1268424.451812744,101.19000244140624,16.450000762939453,69.5,4.418000221252441,0.0010127932637102877
2026-07-01,370.6000061035156,3429.4599609375,1270957.8824552,101.38999938964844,16.59000015258789,68.58000183105469,4.474999904632568,0.0019973051125239394
2026-07-02,378.1300048828125,3387.239990234375,1280817.074046582,100.86000061035156,16.149999618530273,68.69000244140625,4.485000133514404,0.00775729213963916
2026-07-06,382.1300048828125,3344.919921875,1278194.2660787106,100.8499984741211,15.56999969482422,68.55000305175781,4.479000091552734,-0.002047761558631511
2026-07-07,377.489990234375,3353.22998046875,1265810.752580762,101.13999938964844,16.1299991607666,70.44000244140625,4.52899980545044,-0.00968828747443784
2026-07-08,374.4500122070313,3338.14990234375,1249970.2716815176,101.0500030517578,16.899999618530273,73.5199966430664,4.568999767303467,-0.012514098862684175
2026-07-09,378.1799926757813,3343.110107421875,1264297.3559391352,100.94000244140624,15.84000015258789,72.08000183105469,4.539000034332275,0.011461940001456394
2026-07-10,377.010009765625,3294.179931640625,1241938.808197558,100.97000122070312,15.029999732971191,71.41000366210938,4.568999767303467,-0.017684564186222662
2026-07-13,367.1300048828125,3262.679931640625,1197827.699234277,101.27999877929688,17.15999984741211,78.13999938964844,4.609000205993652,-0.03551794071666059
2026-07-14,372.1499938964844,3235.9599609375,1204262.4797121584,100.94000244140624,16.5,79.33999633789062,4.585000038146973,0.0053720418070102305
2026-07-15,372.3500061035156,3260.070068359375,1213887.109851502,100.5,15.670000076293944,79.5999984741211,4.545000076293945,0.007992136516321802
2026-07-16,364.9599914550781,3231.449951171875,1179349.9465672,100.7300033569336,16.729999542236328,78.94999694824219,4.568999767303467,-0.028451709392092628
2026-07-17,368.4100036621094,3239.0,1193280.0018615725,100.75,18.770000457763672,82.48999786376953,4.540999889373779,0.011811638551321835
2026-07-20,367.6000061035156,3268.77001953125,1201599.8791306764,100.98999786376952,18.64999961853028,83.2300033569336,4.5980000495910645,0.006972275791201188
2026-07-21,374.80999755859375,3256.070068359375,1220407.6143723875,101.18000030517578,17.049999237060547,84.91000366210938,4.627999782562256,0.015652244618498123
2026-07-22,379.1199951171875,3227.449951171875,1223590.8097292483,101.13999938964844,16.639999389648438,86.83000183105469,4.6570000648498535,0.002608305060844529
2026-07-23,371.5199890136719,3215.43994140625,1194600.2117053715,101.43000030517578,18.700000762939453,92.19000244140624,4.703000068664551,-0.02369304982790099
2026-07-24,371.8999938964844,3212.64990234375,1194784.4790731815,101.47000122070312,18.57999992370605,89.30999755859375,4.678999900817871,0.0001542502387028577
2026-07-27,374.6300048828125,3216.909912109375,1205150.976081103,101.51000213623048,18.670000076293945,82.61000061035156,4.640999794006348,0.008676457712242014
2026-07-28,369.3699951171875,3204.340087890625,1183587.0826179683,101.37999725341795,18.209999084472656,79.26000213623047,4.604000091552734,-0.017893105420912492
2026-07-29,371.0799865722656,3211.110107421875,1191578.6955441758,100.8000030517578,20.65999984741211,84.45999908447266,4.622000217437744,0.006752027834344698
2026-07-30,377.1600036621094,3200.659912109375,1207160.9041723383,100.01000213623048,17.09000015258789,83.58999633789062,4.663000106811523,0.01307694463356146
2026-07-31,371.5400085449219,3121.929931640625,1159921.8734784052,99.8000030517578,15.989999771118164,84.66999816894531,4.744999885559082,-0.039132339798828575
2026-08-03,371.7099914550781,3133.530029296875,1164764.420414172,99.95999908447266,15.859999656677246,80.33999633789062,4.685999870300293,0.00417489060814491
2026-08-04,374.1600036621094,3242.1298828125,1213075.3288261592,99.88999938964844,16.5,75.7699966430664,4.626999855041504,0.04147697814705609
2026-08-05,389.6400146484375,3207.4599609375,1249754.7461639645,99.69000244140624,15.8100004196167,75.22000122070312,4.617000102996826,0.030236718583089406
2026-08-06,389.6700134277344,3180.93994140625,1239516.90968059,99.97000122070312,15.149999618530272,77.29000091552734,4.670000076293945,-0.008191876458000125
2026-08-07,398.4700012207031,3158.610107421875,1258611.3733601198,99.5999984741211,14.899999618530272,78.18000030517578,4.659999847412109,0.01540476255741452
2026-08-10,402.5400085449219,3155.929931640625,1270388.061649792,99.80999755859376,15.460000038146973,82.12999725341797,4.698999881744385,0.009356890092476977
2026-08-11,400.9599914550781,3139.43994140625,1258789.812079981,99.81999969482422,15.279999732971191,83.19999694824219,4.684000015258789,-0.009129690304826132
2026-08-12,404.9200134277344,3135.280029296875,1269537.631562598,100.01000213623048,14.550000190734863,83.2699966430664,4.682000160217285,0.00853821613384187
2026-08-13,398.9599914550781,3146.159912109375,1255191.9316514656,99.95999908447266,14.630000114440918,81.25,4.640999794006348,-0.011299940666961716
2026-08-14,401.4800109863281,3123.840087890625,1254159.3528058603,99.66999816894533,14.25,82.4000015258789,4.696000099182129,-0.0008226461782993022
2026-08-17,405.489990234375,3130.050048828125,1269203.9637324214,99.63999938964844,15.1899995803833,84.5,4.723999977111816,0.011995773019515044
2026-08-18,398.5499877929688,3132.97998046875,1248649.132971436,99.6500015258789,15.84000015258789,84.94000244140625,4.705999851226807,-0.01619505717626235
2026-08-19,413.8399963378906,3106.02001953125,1285395.3135082277,98.83000183105467,14.890000343322754,85.83000183105469,4.652999877929688,0.029428747889606033
2026-08-20,415.260009765625,3051.43994140625,1267140.9798675776,98.9000015258789,16.010000228881836,87.83000183105469,4.696000099182129,-0.014201338256655593
2026-08-21,423.3599853515625,3074.60009765625,1301662.6523056626,98.8000030517578,15.130000114440918,87.05999755859375,4.73799991607666,0.027243750290273816
2026-08-24,426.6900024414063,3044.22998046875,1298942.4977984133,99.0,15.850000381469728,85.01000213623047,4.703999996185303,-0.002089753825563867
2026-08-25,428.0700073242188,3063.699951171875,1311478.0605373534,98.91999816894533,15.449999809265137,82.36000061035156,4.638999938964844,0.00965059096933607
2026-08-26,421.3200073242188,3094.18994140625,1303644.1287758057,99.16999816894533,15.210000038146973,82.2300033569336,4.664000034332275,-0.0059733608950636174
2026-08-27,422.6000061035156,3127.860107421875,1321833.7004874274,99.16000366210938,14.510000228881836,83.52999877929688,4.671999931335449,0.013952865901143419
2026-08-28,408.8900146484375,3162.0400390625,1292926.5978912115,99.6999969482422,14.43000030517578,83.4000015258789,4.71999979019165,-0.02186894053734323
2026-08-31,408.4200134277344,3201.449951171875,1307536.2320458367,99.43000030517578,14.920000076293944,85.76000213623047,4.757999897003174,0.011299662469976157
2026-09-01,396.75,3208.6298828125,1273023.9060058594,99.66999816894533,16.34000015258789,90.22000122070312,4.796000003814697,-0.026394929023096814
2026-09-02,402.7799987792969,3169.43994140625,1276587.015730664,99.55999755859376,15.199999809265137,91.01000213623048,4.796000003814697,0.0027989338676159825
2026-09-03,410.2200012207031,3159.949951171875,1296274.672827087,99.02899932861328,14.31999969482422,91.83999633789062,4.76200008392334,0.015422103510237317
